{
  "results": [
    {
      "command": "./build/day9/day9 < inputs/day9/input.txt",
      "mean": 0.0025745625000000005,
      "stddev": 0.0002825505416929864,
      "median": 0.0025311745000000004,
      "user": 0.00117045,
      "system": 0.0010849,
      "min": 0.002258178,
      "max": 0.0033953980000000004,
      "times": [
        0.002479508,
        0.0027745350000000003,
        0.0033953980000000004,
        0.0025228530000000002,
        0.0023794280000000003,
        0.002302782,
        0.00225902,
        0.0025361280000000003,
        0.003050956,
        0.002810616,
        0.002548126,
        0.0024257000000000003,
        0.002258178,
        0.002306956,
        0.0025262210000000004,
        0.0027370140000000003,
        0.002540979,
        0.0023460630000000002,
        0.0027127030000000003,
        0.0025780860000000003
      ],
      "exit_codes": [
        0,
        0,
        0,
        0,
        0,
        0,
        0,
        0,
        0,
        0,
        0,
        0,
        0,
        0,
        0,
        0,
        0,
        0,
        0,
        0
      ]
    }
  ]
}
