{
  "results": [
    {
      "command": "./build/day12/day12 < inputs/day12/input.txt",
      "mean": 0.33671524499,
      "stddev": 0.0056080904296395015,
      "median": 0.33532022614,
      "user": 0.3345918,
      "system": 0.001328793,
      "min": 0.32831871664000006,
      "max": 0.35028962264,
      "times": [
        0.32840192664000006,
        0.33365777064,
        0.34410521264000005,
        0.33365405164000006,
        0.33195182264000006,
        0.33563964464,
        0.32831871664000006,
        0.34201155164,
        0.33500080764000006,
        0.33251414264,
        0.33713493364,
        0.34133831564000006,
        0.33009986564000005,
        0.35028962264,
        0.33940116164000006,
        0.34147854864000005,
        0.33445902064000005,
        0.34116256964,
        0.33487385864,
        0.33881135564000003
      ],
      "exit_codes": [
        0,
        0,
        0,
        0,
        0,
        0,
        0,
        0,
        0,
        0,
        0,
        0,
        0,
        0,
        0,
        0,
        0,
        0,
        0,
        0
      ]
    }
  ]
}
