{
  "results": [
    {
      "command": "./build/day6/day6 < inputs/day6/input.txt",
      "mean": 0.0010607110000000002,
      "stddev": 0.00007879460698283193,
      "median": 0.0010450115,
      "user": 0.0004438,
      "system": 0.00052465,
      "min": 0.000948826,
      "max": 0.001224917,
      "times": [
        0.001107356,
        0.001139147,
        0.001048345,
        0.000981645,
        0.0009802670000000002,
        0.000948826,
        0.0010854270000000001,
        0.0010328870000000001,
        0.001099326,
        0.001160334,
        0.001036119,
        0.001111053,
        0.001003034,
        0.000974633,
        0.000976273,
        0.0009820550000000001,
        0.001041678,
        0.001224917,
        0.001186311,
        0.0010945870000000002
      ],
      "exit_codes": [
        0,
        0,
        0,
        0,
        0,
        0,
        0,
        0,
        0,
        0,
        0,
        0,
        0,
        0,
        0,
        0,
        0,
        0,
        0,
        0
      ]
    }
  ]
}
