{
  "results": [
    {
      "command": "./build/day3/day3 < inputs/day3/input.txt",
      "mean": 0.0018534205099999999,
      "stddev": 0.00022377036279639208,
      "median": 0.0018747653600000003,
      "user": 0.0011471740000000002,
      "system": 0.0007110599999999999,
      "min": 0.0014641058600000003,
      "max": 0.00242652086,
      "times": [
        0.0014641058600000003,
        0.0019228808600000005,
        0.0016924138600000003,
        0.0017283188600000004,
        0.0017779998600000002,
        0.0015467248600000002,
        0.0015402128600000005,
        0.0019840148600000006,
        0.0019447978600000003,
        0.0020691398600000003,
        0.0016741618600000004,
        0.0017429468600000005,
        0.0018380378600000003,
        0.0019114928600000003,
        0.0021364448600000004,
        0.00242652086,
        0.0019450728600000004,
        0.0019291598600000002,
        0.00196484686,
        0.0018291158600000005
      ],
      "exit_codes": [
        0,
        0,
        0,
        0,
        0,
        0,
        0,
        0,
        0,
        0,
        0,
        0,
        0,
        0,
        0,
        0,
        0,
        0,
        0,
        0
      ]
    }
  ]
}
