{
  "results": [
    {
      "command": "./build/day9/day9 < inputs/day9/input.txt",
      "mean": 0.0010941136000000003,
      "stddev": 0.00011980078005123427,
      "median": 0.0010678635,
      "user": 0.0004889499999999999,
      "system": 0.0004941,
      "min": 0.0009372050000000001,
      "max": 0.0014242010000000002,
      "times": [
        0.0010171610000000002,
        0.001277446,
        0.001263156,
        0.0009372050000000001,
        0.00116802,
        0.000990599,
        0.001064644,
        0.001019706,
        0.00103219,
        0.001067728,
        0.001067999,
        0.0011125010000000001,
        0.0009562720000000001,
        0.0010662310000000002,
        0.0009593090000000001,
        0.001144641,
        0.0014242010000000002,
        0.001106419,
        0.001071441,
        0.001135403
      ],
      "exit_codes": [
        0,
        0,
        0,
        0,
        0,
        0,
        0,
        0,
        0,
        0,
        0,
        0,
        0,
        0,
        0,
        0,
        0,
        0,
        0,
        0
      ]
    }
  ]
}
