{
  "results": [
    {
      "command": "build\\day10\\day10.exe < inputs\\day10\\input.txt",
      "mean": 0.00018191790000000006,
      "stddev": 0.00034408415224092774,
      "median": 0.0,
      "user": 0.003,
      "system": 0.004671875,
      "min": 0.0,
      "max": 0.0011868940000000008,
      "times": [
        0.0009126939999999986,
        0.0,
        0.0,
        0.00014169400000000124,
        0.000427994000000001,
        0.0004470939999999986,
        0.0,
        0.0,
        0.0,
        0.0,
        0.0011868940000000008,
        5.793999999999938e-6,
        0.0,
        0.0005161940000000011,
        0.0,
        0.0,
        0.0,
        0.0,
        0.0,
        0.0
      ],
      "exit_codes": [
        0,
        0,
        0,
        0,
        0,
        0,
        0,
        0,
        0,
        0,
        0,
        0,
        0,
        0,
        0,
        0,
        0,
        0,
        0,
        0
      ]
    }
  ]
}
