{
  "results": [
    {
      "command": "build\\day8\\day8.exe < inputs\\day8\\input.txt",
      "mean": 0.00029449939999999785,
      "stddev": 0.0005805562372690874,
      "median": 0.0,
      "user": 0.003937500000000001,
      "system": 0.004640625000000001,
      "min": 0.0,
      "max": 0.002451531999999996,
      "times": [
        0.00040593199999999427,
        0.0,
        0.0006888319999999969,
        0.0,
        0.0002849319999999947,
        0.0,
        0.0,
        0.0,
        0.0005402319999999947,
        0.0,
        0.0010043319999999967,
        0.0,
        0.0,
        0.0,
        0.00008063199999999368,
        0.002451531999999996,
        0.00015773199999999377,
        0.0002758319999999967,
        0.0,
        0.0
      ],
      "exit_codes": [
        0,
        0,
        0,
        0,
        0,
        0,
        0,
        0,
        0,
        0,
        0,
        0,
        0,
        0,
        0,
        0,
        0,
        0,
        0,
        0
      ]
    }
  ]
}
