{
  "results": [
    {
      "command": "./build/day13/day13 < inputs/day13/input.txt",
      "mean": 0.0012987171999999999,
      "stddev": 0.0000940360169732853,
      "median": 0.0012729503,
      "user": 0.000766372,
      "system": 0.0007524279999999999,
      "min": 0.0011344963,
      "max": 0.0015059882999999999,
      "times": [
        0.0014180133000000002,
        0.0013964613,
        0.0012139093,
        0.0011344963,
        0.0014714783000000001,
        0.0013512043,
        0.0012652683,
        0.0012837552999999998,
        0.0012540413000000001,
        0.0015059882999999999,
        0.0011960723,
        0.0013349603000000002,
        0.0012738793,
        0.0013303103,
        0.0012473923,
        0.0012292743,
        0.0012720213,
        0.0013294063,
        0.0012349343000000001,
        0.0012314773
      ],
      "exit_codes": [
        0,
        0,
        0,
        0,
        0,
        0,
        0,
        0,
        0,
        0,
        0,
        0,
        0,
        0,
        0,
        0,
        0,
        0,
        0,
        0
      ]
    }
  ]
}
