{
  "results": [
    {
      "command": "./build/day13/day13 < inputs/day13/input.txt",
      "mean": 0.07548176053000002,
      "stddev": 0.00126698747536652,
      "median": 0.07521285708000001,
      "user": 0.07376316,
      "system": 0.0013275539999999999,
      "min": 0.07334771708000001,
      "max": 0.07762085508000001,
      "times": [
        0.07468685308,
        0.07536596308000001,
        0.07439834408000001,
        0.07496892508000001,
        0.07604605608000001,
        0.07334771708000001,
        0.07685931708000002,
        0.07755761608000002,
        0.07491368208000002,
        0.07616256308000001,
        0.07509241408000002,
        0.07662615508000001,
        0.07467863908000001,
        0.07692580108000001,
        0.07533330008000001,
        0.07408275208000001,
        0.07762085508000001,
        0.07337181308000001,
        0.07655767708000001,
        0.07503876708000001
      ],
      "exit_codes": [
        0,
        0,
        0,
        0,
        0,
        0,
        0,
        0,
        0,
        0,
        0,
        0,
        0,
        0,
        0,
        0,
        0,
        0,
        0,
        0
      ]
    }
  ]
}
