{
  "results": [
    {
<<<<<<< HEAD
      "command": "./build/day11/day11 < inputs/day11/input.txt",
      "mean": 0.03814658406,
      "stddev": 0.0014631290038761415,
      "median": 0.03840789126000001,
      "user": 0.035616329999999995,
      "system": 0.002075081,
      "min": 0.03602506476,
      "max": 0.04208782776,
      "times": [
        0.03602506476,
        0.038204511760000004,
        0.03845708576,
        0.03889424776,
        0.03853189876,
        0.039861874760000006,
        0.039431245760000004,
        0.037076556760000004,
        0.03942045376,
        0.03637625676,
        0.03732670676,
        0.03664217176,
        0.03619398176,
        0.04208782776,
        0.03731761176,
        0.038358696760000005,
        0.03701465176,
        0.03851365876000001,
        0.038727882760000006,
        0.03846929476
=======
      "command": "build\\day11\\day11.exe < inputs\\day11\\input.txt",
      "mean": 0.0002615303999999997,
      "stddev": 0.000745717267129432,
      "median": 0.0,
      "user": 0.0043124999999999995,
      "system": 0.0017343749999999998,
      "min": 0.0,
      "max": 0.002478835999999998,
      "times": [
        0.0,
        0.0,
        0.0,
        0.0,
        0.0,
        0.0,
        0.0,
        0.0,
        0.0,
        0.002376635999999998,
        0.0,
        0.0,
        0.0,
        0.0,
        0.0,
        0.002478835999999998,
        0.0,
        0.0,
        0.0,
        0.00037513599999999814
>>>>>>> 114c7ab82a23641f8643651ad2a30e775ebeee80
      ],
      "exit_codes": [
        0,
        0,
        0,
        0,
        0,
        0,
        0,
        0,
        0,
        0,
        0,
        0,
        0,
        0,
        0,
        0,
        0,
        0,
        0,
        0
      ]
    }
  ]
}
