{
  "results": [
    {
      "command": "./build/day3/day3 < inputs/day3/input.txt",
      "mean": 0.0018855929200000004,
      "stddev": 0.00023226624628926452,
      "median": 0.00182948582,
      "user": 0.0012361779999999999,
      "system": 0.0006597359999999999,
      "min": 0.0016041743200000001,
      "max": 0.0025291703200000003,
      "times": [
        0.0018613213200000002,
        0.0017583553199999999,
        0.0018020783200000002,
        0.0016041743200000001,
        0.00194683332,
        0.00235515332,
        0.0017969583200000002,
        0.00164043832,
        0.00189679432,
        0.0017427183200000001,
        0.00168498732,
        0.0019523383199999999,
        0.0019430963200000003,
        0.0017795263200000003,
        0.00218782432,
        0.0018539233200000002,
        0.0016932873200000002,
        0.0025291703200000003,
        0.0018778313200000002,
        0.0018050483199999999
      ],
      "exit_codes": [
        0,
        0,
        0,
        0,
        0,
        0,
        0,
        0,
        0,
        0,
        0,
        0,
        0,
        0,
        0,
        0,
        0,
        0,
        0,
        0
      ]
    }
  ]
}
