{
  "results": [
    {
      "command": "build\\day5\\day5.exe < inputs\\day5\\input.txt",
      "mean": 0.0003339424999999988,
      "stddev": 0.0008062203920430507,
      "median": 0.0,
      "user": 0.0025156249999999996,
      "system": 0.0035000000000000005,
      "min": 0.0,
      "max": 0.0029419099999999955,
      "times": [
        0.0003356099999999966,
        0.0,
        0.0029419099999999955,
        0.0,
        0.0,
        0.0,
        0.0022404099999999948,
        0.0,
        0.0,
        0.0,
        0.0,
        0.0,
        0.0,
        0.0,
        0.0,
        0.0,
        0.00033610999999999364,
        0.0008248099999999953,
        0.0,
        0.0
      ],
      "exit_codes": [
        0,
        0,
        0,
        0,
        0,
        0,
        0,
        0,
        0,
        0,
        0,
        0,
        0,
        0,
        0,
        0,
        0,
        0,
        0,
        0
      ]
    }
  ]
}
