{
  "results": [
    {
      "command": "build\\day1\\day1.exe < inputs\\day1\\input.txt",
      "mean": 0.0010476056000000016,
      "stddev": 0.0018011118243804866,
      "median": 0.0,
      "user": 0.0059375,
      "system": 0.003296875,
      "min": 0.0,
      "max": 0.007013214000000004,
      "times": [
        0.0012651140000000047,
        0.0,
        0.00038201400000000343,
        0.0,
        0.0,
        0.002267914000000003,
        0.007013214000000004,
        0.0,
        0.0,
        0.0,
        0.0,
        0.0,
        0.0,
        0.0,
        0.003507414000000004,
        0.0,
        0.002530614000000004,
        0.0,
        0.0013367140000000027,
        0.0026491140000000045
      ],
      "exit_codes": [
        0,
        0,
        0,
        0,
        0,
        0,
        0,
        0,
        0,
        0,
        0,
        0,
        0,
        0,
        0,
        0,
        0,
        0,
        0,
        0
      ]
    }
  ]
}
