{
  "results": [
    {
      "command": "./build/day5/day5 < inputs/day5/input.txt",
      "mean": 0.66084684486,
      "stddev": 0.01300422016303139,
      "median": 0.66229311296,
      "user": 6.96072593,
      "system": 0.03533935,
      "min": 0.6384099849600001,
      "max": 0.6916360889600001,
      "times": [
        0.67034999796,
        0.6504024299600001,
        0.65263422396,
        0.6595699519600001,
        0.6618828479600001,
        0.6384099849600001,
        0.6669524349600001,
        0.6425134249600001,
        0.6595301639600001,
        0.6686421549600001,
        0.6428949289600001,
        0.6627033779600001,
        0.6716844119600001,
        0.64583094896,
        0.6916360889600001,
        0.6753529689600001,
        0.66509468796,
        0.6633896319600001,
        0.6719782869600001,
        0.6554839489600001
      ],
      "exit_codes": [
        0,
        0,
        0,
        0,
        0,
        0,
        0,
        0,
        0,
        0,
        0,
        0,
        0,
        0,
        0,
        0,
        0,
        0,
        0,
        0
      ]
    }
  ]
}
