{
  "results": [
    {
      "command": "./build/day2/day2 < inputs/day2/input.txt",
      "mean": 0.0009743824000000003,
      "stddev": 0.00006287905993371217,
      "median": 0.000982741,
      "user": 0.00035525,
      "system": 0.00054605,
      "min": 0.000751958,
      "max": 0.001064354,
      "times": [
        0.0009874010000000002,
        0.000982901,
        0.001064354,
        0.00101463,
        0.0009916900000000001,
        0.001018617,
        0.001013854,
        0.001048102,
        0.0009866360000000002,
        0.0009825810000000002,
        0.0009347250000000001,
        0.0009782600000000001,
        0.000751958,
        0.0009301310000000001,
        0.0009722900000000001,
        0.00097192,
        0.000995879,
        0.000928875,
        0.000968656,
        0.000964188
      ],
      "exit_codes": [
        0,
        0,
        0,
        0,
        0,
        0,
        0,
        0,
        0,
        0,
        0,
        0,
        0,
        0,
        0,
        0,
        0,
        0,
        0,
        0
      ]
    }
  ]
}
