{
  "results": [
    {
      "command": "./build/day1/day1 < inputs/day1/input.txt",
      "mean": 0.00102274855,
      "stddev": 0.00006957158511200797,
      "median": 0.001011499,
      "user": 0.0002785,
      "system": 0.0006548,
      "min": 0.000938359,
      "max": 0.001219201,
      "times": [
        0.0010190140000000002,
        0.0009673020000000001,
        0.000938359,
        0.0009753660000000001,
        0.001010735,
        0.000968029,
        0.001017149,
        0.001002008,
        0.0011081630000000001,
        0.001093695,
        0.0010646940000000001,
        0.001026713,
        0.001219201,
        0.00109815,
        0.00098772,
        0.001012263,
        0.000987052,
        0.000943723,
        0.000943694,
        0.001071941
      ],
      "exit_codes": [
        0,
        0,
        0,
        0,
        0,
        0,
        0,
        0,
        0,
        0,
        0,
        0,
        0,
        0,
        0,
        0,
        0,
        0,
        0,
        0
      ]
    }
  ]
}
