{
  "results": [
    {
      "command": "./build/day8/day8 < inputs/day8/input.txt",
      "mean": 0.0015824895099999996,
      "stddev": 0.00012912422429235592,
      "median": 0.00156967746,
      "user": 0.0009720959999999999,
      "system": 0.0006899039999999998,
      "min": 0.0014087254599999999,
      "max": 0.00192473846,
      "times": [
        0.00142332546,
        0.00160642346,
        0.00176235646,
        0.0014875024599999998,
        0.0015306804599999999,
        0.00155147146,
        0.0016267444599999997,
        0.00162246846,
        0.0018017334600000001,
        0.0015506544600000002,
        0.00192473846,
        0.0016266964599999999,
        0.00146281646,
        0.0015190814600000001,
        0.00158788346,
        0.00143942146,
        0.00159517846,
        0.0014087254599999999,
        0.00151615946,
        0.0016057284599999997
      ],
      "exit_codes": [
        0,
        0,
        0,
        0,
        0,
        0,
        0,
        0,
        0,
        0,
        0,
        0,
        0,
        0,
        0,
        0,
        0,
        0,
        0,
        0
      ]
    }
  ]
}
