{
  "results": [
    {
      "command": "./build/day9/day9 < inputs/day9/input.txt",
      "mean": 0.0015195743600000002,
      "stddev": 0.00013588984402851726,
      "median": 0.0015202712600000004,
      "user": 0.00090613,
      "system": 0.0007164589999999998,
      "min": 0.00114639526,
      "max": 0.0017194822600000003,
      "times": [
        0.0014994042600000005,
        0.0015101172600000003,
        0.00157320526,
        0.0015881082600000002,
        0.0017149852600000003,
        0.00135980726,
        0.0017194822600000003,
        0.0016643352600000001,
        0.0016000422600000001,
        0.0015016142600000003,
        0.0013661752600000001,
        0.0015304252600000005,
        0.0014718132600000005,
        0.0014360942600000004,
        0.0015721592600000003,
        0.0016167622600000001,
        0.0016370712600000002,
        0.0014648232600000003,
        0.0014186662600000001,
        0.00114639526
      ],
      "exit_codes": [
        0,
        0,
        0,
        0,
        0,
        0,
        0,
        0,
        0,
        0,
        0,
        0,
        0,
        0,
        0,
        0,
        0,
        0,
        0,
        0
      ]
    }
  ]
}
