{
  "results": [
    {
      "command": "./build/day11/day11 < inputs/day11/input.txt",
      "mean": 0.03814658406,
      "stddev": 0.0014631290038761415,
      "median": 0.03840789126000001,
      "user": 0.035616329999999995,
      "system": 0.002075081,
      "min": 0.03602506476,
      "max": 0.04208782776,
      "times": [
        0.03602506476,
        0.038204511760000004,
        0.03845708576,
        0.03889424776,
        0.03853189876,
        0.039861874760000006,
        0.039431245760000004,
        0.037076556760000004,
        0.03942045376,
        0.03637625676,
        0.03732670676,
        0.03664217176,
        0.03619398176,
        0.04208782776,
        0.03731761176,
        0.038358696760000005,
        0.03701465176,
        0.03851365876000001,
        0.038727882760000006,
        0.03846929476
      ],
      "exit_codes": [
        0,
        0,
        0,
        0,
        0,
        0,
        0,
        0,
        0,
        0,
        0,
        0,
        0,
        0,
        0,
        0,
        0,
        0,
        0,
        0
      ]
    }
  ]
}
