{
  "results": [
    {
      "command": "./build/day4/day4 < inputs/day4/input.txt",
      "mean": 0.0021944738,
      "stddev": 0.00024427295390297356,
      "median": 0.0021260015000000004,
      "user": 0.0007253,
      "system": 0.0011889499999999998,
      "min": 0.001897306,
      "max": 0.002705065,
      "times": [
        0.0024589520000000004,
        0.00204252,
        0.001974613,
        0.002133818,
        0.0019784810000000002,
        0.0019143670000000002,
        0.002195687,
        0.0024634640000000003,
        0.002365392,
        0.0021181850000000003,
        0.001897306,
        0.002038428,
        0.002252183,
        0.002705065,
        0.002574049,
        0.0025176340000000004,
        0.0022782690000000003,
        0.001961334,
        0.0019832450000000002,
        0.0020364840000000003
      ],
      "exit_codes": [
        0,
        0,
        0,
        0,
        0,
        0,
        0,
        0,
        0,
        0,
        0,
        0,
        0,
        0,
        0,
        0,
        0,
        0,
        0,
        0
      ]
    }
  ]
}
