{
  "results": [
    {
      "command": "./build/day9/day9 < inputs/day9/input.txt",
      "mean": 0.0017953302300000005,
      "stddev": 0.00025861917242570254,
      "median": 0.0017834512799999999,
      "user": 0.00090838,
      "system": 0.0009236960000000001,
      "min": 0.00143924228,
      "max": 0.00249012628,
      "times": [
        0.00167317028,
        0.0015714482799999998,
        0.00182725128,
        0.0018170882799999999,
        0.0015818782799999999,
        0.00214305028,
        0.00175224128,
        0.00166913628,
        0.0018359282799999999,
        0.00204924528,
        0.00143924228,
        0.00194291628,
        0.0017500342799999999,
        0.0018146612799999997,
        0.00196432028,
        0.0015606522799999998,
        0.00249012628,
        0.00203069328,
        0.00145921628,
        0.00153430428
      ],
      "exit_codes": [
        0,
        0,
        0,
        0,
        0,
        0,
        0,
        0,
        0,
        0,
        0,
        0,
        0,
        0,
        0,
        0,
        0,
        0,
        0,
        0
      ]
    }
  ]
}
