{
  "results": [
    {
      "command": "./build/day4/day4 < inputs/day4/input.txt",
      "mean": 0.00208504344,
      "stddev": 0.0001816751193885248,
      "median": 0.0020736010000000004,
      "user": 0.0009406299999999998,
      "system": 0.0008987200000000001,
      "min": 0.0017222510000000002,
      "max": 0.002654591,
      "times": [
        0.002107335,
        0.0020836960000000003,
        0.001925503,
        0.002177891,
        0.002232717,
        0.002221364,
        0.001958877,
        0.002115726,
        0.001940192,
        0.0020352810000000003,
        0.0019911900000000003,
        0.002085158,
        0.0021162430000000003,
        0.002378112,
        0.002120517,
        0.002033725,
        0.0018961860000000002,
        0.002117005,
        0.0022929390000000003,
        0.002389122,
        0.002230979,
        0.0019766320000000003,
        0.0019036300000000001,
        0.002031877,
        0.0023174750000000003,
        0.0021176850000000002,
        0.0022978950000000003,
        0.0021040810000000003,
        0.002045134,
        0.002059543,
        0.002313776,
        0.002385555,
        0.0022204760000000003,
        0.0024350860000000004,
        0.002326724,
        0.0024923980000000003,
        0.0021373810000000003,
        0.0020368870000000002,
        0.0019244730000000001,
        0.001839431,
        0.001812823,
        0.002175614,
        0.002236225,
        0.0020535460000000003,
        0.002062744,
        0.0020714130000000002,
        0.002035175,
        0.001812266,
        0.0018868210000000001,
        0.0020396330000000003,
        0.002152568,
        0.002654591,
        0.002469392,
        0.0020489650000000002,
        0.001955015,
        0.002055875,
        0.0018005760000000001,
        0.0021078340000000003,
        0.0023832930000000003,
        0.0022178890000000002,
        0.00216301,
        0.0022982280000000002,
        0.002285348,
        0.002077567,
        0.0020698120000000003,
        0.0018323080000000002,
        0.001966148,
        0.0021211190000000003,
        0.0019380060000000001,
        0.0017566180000000002,
        0.0018848670000000001,
        0.0019182840000000001,
        0.001974132,
        0.0020437850000000002,
        0.002241714,
        0.0024260270000000003,
        0.002276624,
        0.002075789,
        0.0021377780000000003,
        0.001871573,
        0.001986462,
        0.0022069200000000002,
        0.002157186,
        0.0021981870000000003,
        0.002088351,
        0.001953977,
        0.001955294,
        0.001905762,
        0.0020412810000000003,
        0.0020982970000000003,
        0.001861992,
        0.0020529570000000002,
        0.001855227,
        0.0018196970000000001,
        0.0018589650000000002,
        0.0017222510000000002,
        0.001813675,
        0.001868386,
        0.002109254,
        0.002143331
      ],
      "exit_codes": [
        0,
        0,
        0,
        0,
        0,
        0,
        0,
        0,
        0,
        0,
        0,
        0,
        0,
        0,
        0,
        0,
        0,
        0,
        0,
        0,
        0,
        0,
        0,
        0,
        0,
        0,
        0,
        0,
        0,
        0,
        0,
        0,
        0,
        0,
        0,
        0,
        0,
        0,
        0,
        0,
        0,
        0,
        0,
        0,
        0,
        0,
        0,
        0,
        0,
        0,
        0,
        0,
        0,
        0,
        0,
        0,
        0,
        0,
        0,
        0,
        0,
        0,
        0,
        0,
        0,
        0,
        0,
        0,
        0,
        0,
        0,
        0,
        0,
        0,
        0,
        0,
        0,
        0,
        0,
        0,
        0,
        0,
        0,
        0,
        0,
        0,
        0,
        0,
        0,
        0,
        0,
        0,
        0,
        0,
        0,
        0,
        0,
        0,
        0,
        0
      ]
    }
  ]
}
