{
  "results": [
    {
      "command": "./build/day7/day7 < inputs/day7/input.txt",
      "mean": 0.0023306254000000004,
      "stddev": 0.0003386582791293964,
      "median": 0.0022113135,
      "user": 0.0009194500000000003,
      "system": 0.0010348,
      "min": 0.001996232,
      "max": 0.003396488,
      "times": [
        0.002377045,
        0.003396488,
        0.002162663,
        0.00242792,
        0.002680593,
        0.002313682,
        0.0020868830000000003,
        0.0020724610000000003,
        0.002465918,
        0.002259964,
        0.002754442,
        0.002651042,
        0.002139437,
        0.002110194,
        0.0020259970000000003,
        0.001996232,
        0.002046426,
        0.002159317,
        0.002113425,
        0.002372379
      ],
      "exit_codes": [
        0,
        0,
        0,
        0,
        0,
        0,
        0,
        0,
        0,
        0,
        0,
        0,
        0,
        0,
        0,
        0,
        0,
        0,
        0,
        0
      ]
    }
  ]
}
