{
  "results": [
    {
      "command": "./build/day9/day9 < inputs/day9/input.txt",
      "mean": 0.00150114583,
      "stddev": 0.00011209435330924757,
      "median": 0.0015008229800000002,
      "user": 0.0009735419999999998,
      "system": 0.000682756,
      "min": 0.0011968069800000003,
      "max": 0.0016872999800000002,
      "times": [
        0.00139736298,
        0.0015137469800000003,
        0.00167161498,
        0.0016380189800000002,
        0.0015387439800000004,
        0.00145289198,
        0.0014932659800000001,
        0.0015404299800000003,
        0.0015083799800000002,
        0.0016118039800000002,
        0.0016872999800000002,
        0.00145203898,
        0.0014746109800000003,
        0.0015530879800000003,
        0.0011968069800000003,
        0.0015533919800000003,
        0.00148510098,
        0.0014725539800000001,
        0.0014149599800000003,
        0.00136680498
      ],
      "exit_codes": [
        0,
        0,
        0,
        0,
        0,
        0,
        0,
        0,
        0,
        0,
        0,
        0,
        0,
        0,
        0,
        0,
        0,
        0,
        0,
        0
      ]
    }
  ]
}
