{
  "results": [
    {
      "command": "build\\day11\\day11.exe < inputs\\day11\\input.txt",
      "mean": 0.0002615303999999997,
      "stddev": 0.000745717267129432,
      "median": 0.0,
      "user": 0.0043124999999999995,
      "system": 0.0017343749999999998,
      "min": 0.0,
      "max": 0.002478835999999998,
      "times": [
        0.0,
        0.0,
        0.0,
        0.0,
        0.0,
        0.0,
        0.0,
        0.0,
        0.0,
        0.002376635999999998,
        0.0,
        0.0,
        0.0,
        0.0,
        0.0,
        0.002478835999999998,
        0.0,
        0.0,
        0.0,
        0.00037513599999999814
      ],
      "exit_codes": [
        0,
        0,
        0,
        0,
        0,
        0,
        0,
        0,
        0,
        0,
        0,
        0,
        0,
        0,
        0,
        0,
        0,
        0,
        0,
        0
      ]
    }
  ]
}
