{
  "results": [
    {
      "command": "./build/day2/day2 < inputs/day2/input.txt",
      "mean": 0.00227605415,
      "stddev": 0.000246758342003131,
      "median": 0.00224127,
      "user": 0.0011778000000000001,
      "system": 0.0008317499999999998,
      "min": 0.0019800630000000002,
      "max": 0.003054064,
      "times": [
        0.0021175480000000003,
        0.002194494,
        0.00203067,
        0.0019800630000000002,
        0.002521578,
        0.002427715,
        0.0023534420000000003,
        0.002144238,
        0.002048414,
        0.002018011,
        0.002230834,
        0.003054064,
        0.002528723,
        0.002058763,
        0.002332859,
        0.002251706,
        0.002324603,
        0.002171782,
        0.0023844300000000003,
        0.002347146
      ],
      "exit_codes": [
        0,
        0,
        0,
        0,
        0,
        0,
        0,
        0,
        0,
        0,
        0,
        0,
        0,
        0,
        0,
        0,
        0,
        0,
        0,
        0
      ]
    }
  ]
}
