{
  "results": [
    {
      "command": "./build/day6/day6 < inputs/day6/input.txt",
      "mean": 0.00223712485,
      "stddev": 0.0002408055764337859,
      "median": 0.002191721,
      "user": 0.0010720500000000002,
      "system": 0.0008866500000000001,
      "min": 0.0019272480000000001,
      "max": 0.002894727,
      "times": [
        0.002576338,
        0.001990057,
        0.001973308,
        0.0021547840000000003,
        0.002138096,
        0.002399824,
        0.002228658,
        0.002386834,
        0.002229834,
        0.0022517640000000003,
        0.002125828,
        0.0022654000000000003,
        0.002439829,
        0.002894727,
        0.002513612,
        0.002091822,
        0.002083475,
        0.0019852570000000003,
        0.0019272480000000001,
        0.0020858020000000003
      ],
      "exit_codes": [
        0,
        0,
        0,
        0,
        0,
        0,
        0,
        0,
        0,
        0,
        0,
        0,
        0,
        0,
        0,
        0,
        0,
        0,
        0,
        0
      ]
    }
  ]
}
