{
  "results": [
    {
      "command": "./build/day1/day1 < inputs/day1/input.txt",
      "mean": 0.0011391348999999999,
      "stddev": 0.0001346110009809786,
      "median": 0.0011757225,
      "user": 0.0005341600000000001,
      "system": 0.0005118399999999998,
      "min": 0.000797334,
      "max": 0.001477199,
      "times": [
        0.0012789470000000001,
        0.0012498070000000001,
        0.0013514120000000002,
        0.001302985,
        0.00111461,
        0.0012942650000000002,
        0.001282785,
        0.001345323,
        0.001248709,
        0.0012927280000000001,
        0.0012344950000000002,
        0.0012547810000000002,
        0.001477199,
        0.0013424,
        0.0012493690000000002,
        0.001188623,
        0.00121444,
        0.001179554,
        0.00117806,
        0.001301517,
        0.001228811,
        0.001173385,
        0.0013787,
        0.0012614800000000002,
        0.001268713,
        0.001241937,
        0.001235104,
        0.00126274,
        0.001272024,
        0.001220017,
        0.001225804,
        0.0012633870000000001,
        0.001191439,
        0.001293043,
        0.001185373,
        0.001191797,
        0.001218817,
        0.001220467,
        0.001218144,
        0.001223968,
        0.0012914670000000001,
        0.001254336,
        0.0011863400000000001,
        0.001088784,
        0.001245936,
        0.001200544,
        0.001063095,
        0.001122916,
        0.0011385990000000001,
        0.001088021,
        0.0010237030000000002,
        0.000939254,
        0.0010335140000000001,
        0.001183356,
        0.001286821,
        0.001026648,
        0.00088044,
        0.0011173210000000001,
        0.00107876,
        0.0008460900000000001,
        0.001030556,
        0.0010889,
        0.0009581100000000001,
        0.00096677,
        0.000942524,
        0.0009334050000000001,
        0.000797334,
        0.0010260430000000001,
        0.001032437,
        0.0008478170000000001,
        0.000993737,
        0.0009190670000000001,
        0.000930604,
        0.000981226,
        0.000990311,
        0.000971251,
        0.0009506590000000001,
        0.0011690770000000001,
        0.000986333,
        0.000977685,
        0.0012698920000000001,
        0.001186158,
        0.001196582,
        0.0011192530000000002,
        0.001127565,
        0.001093231,
        0.001187383,
        0.001092027,
        0.001037113,
        0.0009232810000000001,
        0.001073926,
        0.0010508610000000002,
        0.0011803380000000002,
        0.001071717,
        0.001062074,
        0.00111303,
        0.0010873360000000002,
        0.0010842150000000001,
        0.0010937920000000001,
        0.0011167660000000002
      ],
      "exit_codes": [
        0,
        0,
        0,
        0,
        0,
        0,
        0,
        0,
        0,
        0,
        0,
        0,
        0,
        0,
        0,
        0,
        0,
        0,
        0,
        0,
        0,
        0,
        0,
        0,
        0,
        0,
        0,
        0,
        0,
        0,
        0,
        0,
        0,
        0,
        0,
        0,
        0,
        0,
        0,
        0,
        0,
        0,
        0,
        0,
        0,
        0,
        0,
        0,
        0,
        0,
        0,
        0,
        0,
        0,
        0,
        0,
        0,
        0,
        0,
        0,
        0,
        0,
        0,
        0,
        0,
        0,
        0,
        0,
        0,
        0,
        0,
        0,
        0,
        0,
        0,
        0,
        0,
        0,
        0,
        0,
        0,
        0,
        0,
        0,
        0,
        0,
        0,
        0,
        0,
        0,
        0,
        0,
        0,
        0,
        0,
        0,
        0,
        0,
        0,
        0
      ]
    }
  ]
}
