{
  "results": [
    {
      "command": "./build/day2/day2 < inputs/day2/input.txt",
      "mean": 0.00137063084,
      "stddev": 0.00008804479921249421,
      "median": 0.0013358573400000001,
      "user": 0.000505736,
      "system": 0.0010171599999999998,
      "min": 0.0012930853400000002,
      "max": 0.0016577473400000002,
      "times": [
        0.0013203943399999999,
        0.0013274843400000002,
        0.0014678853399999999,
        0.00133664934,
        0.00133517934,
        0.00133420234,
        0.00130803834,
        0.00135009034,
        0.00133256534,
        0.0013365353400000002,
        0.0016577473400000002,
        0.0014366043400000001,
        0.00137085334,
        0.00130800634,
        0.0012930853400000002,
        0.0014566093400000001,
        0.00130692434,
        0.00129658734,
        0.0014659993399999999,
        0.00137117534
      ],
      "exit_codes": [
        0,
        0,
        0,
        0,
        0,
        0,
        0,
        0,
        0,
        0,
        0,
        0,
        0,
        0,
        0,
        0,
        0,
        0,
        0,
        0
      ]
    }
  ]
}
