{
  "results": [
    {
      "command": "./build/day2/day2 < inputs/day2/input.txt",
      "mean": 0.0010699636999999998,
      "stddev": 0.00009262716385204552,
      "median": 0.0010637905,
      "user": 0.00044520000000000003,
      "system": 0.0005299499999999998,
      "min": 0.0009124550000000001,
      "max": 0.001306211,
      "times": [
        0.0009124550000000001,
        0.0010999570000000001,
        0.001050429,
        0.001070467,
        0.0011353180000000002,
        0.00100877,
        0.000987826,
        0.0009677500000000001,
        0.001163547,
        0.001306211,
        0.001057114,
        0.001153023,
        0.0009720070000000001,
        0.000954924,
        0.00103363,
        0.001111529,
        0.0010932140000000001,
        0.001111321,
        0.0011738570000000002,
        0.001035925
      ],
      "exit_codes": [
        0,
        0,
        0,
        0,
        0,
        0,
        0,
        0,
        0,
        0,
        0,
        0,
        0,
        0,
        0,
        0,
        0,
        0,
        0,
        0
      ]
    }
  ]
}
