{
  "results": [
    {
      "command": "./build/day3/day3 < inputs/day3/input.txt",
      "mean": 0.00113867811,
      "stddev": 0.00009950743082053186,
      "median": 0.0011437665000000002,
      "user": 0.00053073,
      "system": 0.0005125,
      "min": 0.0008664120000000001,
      "max": 0.001479524,
      "times": [
        0.0010623660000000001,
        0.001048015,
        0.0010267260000000002,
        0.0012935190000000001,
        0.0013886060000000001,
        0.001144072,
        0.001204392,
        0.001013152,
        0.001108662,
        0.001248193,
        0.001479524,
        0.001117885,
        0.0010352640000000001,
        0.001031564,
        0.001147053,
        0.001192024,
        0.0011900130000000002,
        0.0012358410000000001,
        0.0012565240000000002,
        0.001225954,
        0.001163708,
        0.0011603940000000001,
        0.001166865,
        0.001170281,
        0.001251577,
        0.0011527290000000001,
        0.0011280510000000001,
        0.001108217,
        0.001154483,
        0.0011493550000000001,
        0.0011802240000000001,
        0.001219893,
        0.001098276,
        0.0011454540000000002,
        0.001156727,
        0.0011945480000000001,
        0.001098526,
        0.001153849,
        0.0012026440000000001,
        0.001097857,
        0.001106624,
        0.00113162,
        0.001158163,
        0.0011559370000000001,
        0.0009082750000000001,
        0.001088318,
        0.001143789,
        0.0011792320000000001,
        0.001137495,
        0.001197204,
        0.0012646220000000002,
        0.001255458,
        0.001233783,
        0.001225182,
        0.0010324000000000002,
        0.0011437440000000001,
        0.001165182,
        0.001120911,
        0.001104656,
        0.001167126,
        0.001133773,
        0.001127064,
        0.0010255700000000002,
        0.001125562,
        0.001108849,
        0.000995426,
        0.001126649,
        0.001080059,
        0.0011022970000000001,
        0.0010001860000000001,
        0.001037724,
        0.001077508,
        0.001035055,
        0.001100188,
        0.001104036,
        0.0012171480000000001,
        0.0008839220000000001,
        0.001121196,
        0.00108656,
        0.0010082860000000002,
        0.0010986980000000002,
        0.001103686,
        0.001021292,
        0.0009930030000000001,
        0.0011485500000000001,
        0.001040219,
        0.001016386,
        0.001006663,
        0.001091713,
        0.0008664120000000001,
        0.0013063950000000001,
        0.001152082,
        0.0011915790000000001,
        0.0011858770000000001,
        0.0011600710000000001,
        0.0012036470000000002,
        0.001315951,
        0.001291627,
        0.0013087440000000001,
        0.00134543
      ],
      "exit_codes": [
        0,
        0,
        0,
        0,
        0,
        0,
        0,
        0,
        0,
        0,
        0,
        0,
        0,
        0,
        0,
        0,
        0,
        0,
        0,
        0,
        0,
        0,
        0,
        0,
        0,
        0,
        0,
        0,
        0,
        0,
        0,
        0,
        0,
        0,
        0,
        0,
        0,
        0,
        0,
        0,
        0,
        0,
        0,
        0,
        0,
        0,
        0,
        0,
        0,
        0,
        0,
        0,
        0,
        0,
        0,
        0,
        0,
        0,
        0,
        0,
        0,
        0,
        0,
        0,
        0,
        0,
        0,
        0,
        0,
        0,
        0,
        0,
        0,
        0,
        0,
        0,
        0,
        0,
        0,
        0,
        0,
        0,
        0,
        0,
        0,
        0,
        0,
        0,
        0,
        0,
        0,
        0,
        0,
        0,
        0,
        0,
        0,
        0,
        0,
        0
      ]
    }
  ]
}
