{
  "results": [
    {
      "command": "./build/day6/day6 < inputs/day6/input.txt",
      "mean": 0.0011799493899999998,
      "stddev": 0.00012823435210273373,
      "median": 0.0011790878399999998,
      "user": 0.0007839859999999999,
      "system": 0.0005600819999999999,
      "min": 0.0008789588399999999,
      "max": 0.0013903018399999997,
      "times": [
        0.0011638978399999998,
        0.0011901828399999998,
        0.0011438938399999997,
        0.00138119784,
        0.0013903018399999997,
        0.0010482128399999999,
        0.0013199848399999999,
        0.0011997918399999996,
        0.0011003438399999998,
        0.0010222668399999997,
        0.0011209688399999996,
        0.00124970984,
        0.00117509884,
        0.00123450584,
        0.0013089598399999998,
        0.00105639584,
        0.0013182408399999997,
        0.0008789588399999999,
        0.0011830768399999996,
        0.0011129978399999998
      ],
      "exit_codes": [
        0,
        0,
        0,
        0,
        0,
        0,
        0,
        0,
        0,
        0,
        0,
        0,
        0,
        0,
        0,
        0,
        0,
        0,
        0,
        0
      ]
    }
  ]
}
