{
  "results": [
    {
      "command": "./build/day4/day4 < inputs/day4/input.txt",
      "mean": 0.0010292795,
      "stddev": 0.00011129085374274685,
      "median": 0.0009732825000000001,
      "user": 0.00024249999999999996,
      "system": 0.0007105999999999999,
      "min": 0.0009275570000000001,
      "max": 0.001262515,
      "times": [
        0.001076539,
        0.000971942,
        0.0009395450000000001,
        0.000933257,
        0.0009275570000000001,
        0.0009566980000000001,
        0.001184942,
        0.001262515,
        0.001076099,
        0.0009746230000000001,
        0.000948026,
        0.000945781,
        0.0009292440000000001,
        0.000970372,
        0.00109322,
        0.001258315,
        0.001076478,
        0.001152068,
        0.0009757370000000001,
        0.0009326320000000001
      ],
      "exit_codes": [
        0,
        0,
        0,
        0,
        0,
        0,
        0,
        0,
        0,
        0,
        0,
        0,
        0,
        0,
        0,
        0,
        0,
        0,
        0,
        0
      ]
    }
  ]
}
