{
  "results": [
    {
      "command": "./build/day3/day3 < inputs/day3/input.txt",
      "mean": 0.00101397635,
      "stddev": 0.00009932574882374343,
      "median": 0.001000447,
      "user": 0.0002643,
      "system": 0.0006490000000000001,
      "min": 0.0008663290000000001,
      "max": 0.0013347390000000002,
      "times": [
        0.001045445,
        0.0008663290000000001,
        0.000999872,
        0.000989716,
        0.0009182550000000001,
        0.0009824200000000001,
        0.001055987,
        0.0010047180000000001,
        0.001033089,
        0.00099091,
        0.001001022,
        0.001020132,
        0.000942882,
        0.0009956470000000001,
        0.001091133,
        0.0009651070000000001,
        0.0008793630000000001,
        0.0013347390000000002,
        0.0011402410000000002,
        0.00102252
      ],
      "exit_codes": [
        0,
        0,
        0,
        0,
        0,
        0,
        0,
        0,
        0,
        0,
        0,
        0,
        0,
        0,
        0,
        0,
        0,
        0,
        0,
        0
      ]
    }
  ]
}
