{
  "results": [
    {
      "command": "./build/day9/day9 < inputs/day9/input.txt",
      "mean": 0.0016068924000000005,
      "stddev": 0.00015486971656269836,
      "median": 0.0015893954000000003,
      "user": 0.001035906,
      "system": 0.0005846700000000001,
      "min": 0.0014101754000000002,
      "max": 0.0019969074,
      "times": [
        0.0015484044000000003,
        0.0016354434000000004,
        0.0015870644000000001,
        0.0018532064000000002,
        0.0016501284000000004,
        0.0014948684000000005,
        0.0015218554000000005,
        0.0014101754000000002,
        0.0014374664000000002,
        0.0014984344000000004,
        0.0014102354000000003,
        0.0014460294000000003,
        0.0017956174000000004,
        0.0017352824000000005,
        0.0015917264000000005,
        0.0016165044000000005,
        0.0016978324000000004,
        0.0015271304000000004,
        0.0019969074,
        0.0016835354000000005
      ],
      "exit_codes": [
        0,
        0,
        0,
        0,
        0,
        0,
        0,
        0,
        0,
        0,
        0,
        0,
        0,
        0,
        0,
        0,
        0,
        0,
        0,
        0
      ]
    }
  ]
}
