{
  "results": [
    {
      "command": "./build/day4/day4 < inputs/day4/input.txt",
      "mean": 0.0033162716999999993,
      "stddev": 0.00024877682511198674,
      "median": 0.0033670939,
      "user": 0.00251143,
      "system": 0.0007908980000000002,
      "min": 0.0027499029,
      "max": 0.0037229899,
      "times": [
        0.0034877639000000004,
        0.0033752389,
        0.0032688349,
        0.0027653549,
        0.0035006499000000005,
        0.0027499029,
        0.0033589489000000004,
        0.0033128069000000005,
        0.0034520849,
        0.0031396829000000003,
        0.0033863319,
        0.0032398679000000003,
        0.0035097019000000004,
        0.0032352359000000002,
        0.0034729589,
        0.0030500749,
        0.0032115639000000005,
        0.0035114929000000005,
        0.0037229899,
        0.0035739469000000005
      ],
      "exit_codes": [
        0,
        0,
        0,
        0,
        0,
        0,
        0,
        0,
        0,
        0,
        0,
        0,
        0,
        0,
        0,
        0,
        0,
        0,
        0,
        0
      ]
    }
  ]
}
