{
  "results": [
    {
      "command": "./build/day3/day3 < inputs/day3/input.txt",
      "mean": 0.0009969514,
      "stddev": 0.00008957316101107401,
      "median": 0.0009661965000000001,
      "user": 0.00048505,
      "system": 0.00040684999999999994,
      "min": 0.0009040140000000001,
      "max": 0.0012224150000000001,
      "times": [
        0.001049933,
        0.0010615450000000001,
        0.0012224150000000001,
        0.000999038,
        0.00100253,
        0.000920336,
        0.0009182460000000001,
        0.0010375,
        0.0009083940000000001,
        0.0009190540000000001,
        0.0009040140000000001,
        0.0009651750000000001,
        0.001176077,
        0.001021563,
        0.000935781,
        0.000953982,
        0.0009570620000000001,
        0.0009194310000000001,
        0.001099734,
        0.000967218
      ],
      "exit_codes": [
        0,
        0,
        0,
        0,
        0,
        0,
        0,
        0,
        0,
        0,
        0,
        0,
        0,
        0,
        0,
        0,
        0,
        0,
        0,
        0
      ]
    }
  ]
}
