{
  "results": [
    {
      "command": "./build/day7/day7 < inputs/day7/input.txt",
      "mean": 0.004728475899999999,
      "stddev": 0.000381269555873932,
      "median": 0.0047759183,
      "user": 0.003643149999999999,
      "system": 0.0009563499999999999,
      "min": 0.0039687457999999995,
      "max": 0.005537869800000001,
      "times": [
        0.004842284800000001,
        0.0044569438,
        0.0040316658000000005,
        0.0048353978,
        0.0045979668000000005,
        0.0049008218,
        0.0046112588,
        0.005537869800000001,
        0.0039687457999999995,
        0.0049909868,
        0.004385197800000001,
        0.004823284800000001,
        0.0044856858,
        0.004697196800000001,
        0.0051789008000000004,
        0.0044313648,
        0.0049620698,
        0.0047285517999999995,
        0.0052456108,
        0.0048577128
      ],
      "exit_codes": [
        0,
        0,
        0,
        0,
        0,
        0,
        0,
        0,
        0,
        0,
        0,
        0,
        0,
        0,
        0,
        0,
        0,
        0,
        0,
        0
      ]
    }
  ]
}
