{
  "results": [
    {
      "command": "./build/day1/day1 < inputs/day1/input.txt",
      "mean": 0.0014041520000000007,
      "stddev": 0.0001936537280628548,
      "median": 0.0013788177000000003,
      "user": 0.000980547,
      "system": 0.0004925840000000001,
      "min": 0.0011741007000000002,
      "max": 0.0020752557000000005,
      "times": [
        0.0013752887000000004,
        0.0012407717000000006,
        0.0013085497000000002,
        0.0015118497000000002,
        0.0013552107000000006,
        0.0014614147000000005,
        0.0020752557000000005,
        0.0015102077000000002,
        0.0014677267000000006,
        0.0012628217000000006,
        0.0011935677000000002,
        0.0013823467000000002,
        0.0015115797000000005,
        0.0011741007000000002,
        0.0014785507000000006,
        0.0013077737000000006,
        0.0014528527000000004,
        0.0013659667000000004,
        0.0011970427000000004,
        0.0014501617000000004
      ],
      "exit_codes": [
        0,
        0,
        0,
        0,
        0,
        0,
        0,
        0,
        0,
        0,
        0,
        0,
        0,
        0,
        0,
        0,
        0,
        0,
        0,
        0
      ]
    }
  ]
}
