{
  "results": [
    {
      "command": "./build/day2/day2 < inputs/day2/input.txt",
      "mean": 0.00208862551,
      "stddev": 0.00032310845175361174,
      "median": 0.0020574210000000002,
      "user": 0.0010163600000000002,
      "system": 0.0008139099999999999,
      "min": 0.001643621,
      "max": 0.003975475,
      "times": [
        0.001941526,
        0.0020976190000000002,
        0.001965352,
        0.002045602,
        0.002206717,
        0.002386814,
        0.0023057810000000002,
        0.002128088,
        0.002330749,
        0.0029459580000000003,
        0.0030192540000000003,
        0.003975475,
        0.0026377550000000003,
        0.0022951200000000003,
        0.002369889,
        0.002559411,
        0.002410825,
        0.002378434,
        0.002404298,
        0.002313215,
        0.002091152,
        0.001880932,
        0.002091369,
        0.002173275,
        0.002142169,
        0.002084365,
        0.0022221240000000002,
        0.00228764,
        0.0019831790000000003,
        0.001858414,
        0.001841189,
        0.0017760100000000002,
        0.002158324,
        0.0019077750000000002,
        0.002056566,
        0.0018585020000000002,
        0.0021134590000000003,
        0.0019073730000000002,
        0.0019721630000000003,
        0.0017608950000000002,
        0.0019429470000000002,
        0.0018750020000000002,
        0.0020730180000000003,
        0.0018225140000000001,
        0.002151868,
        0.002127921,
        0.001863849,
        0.001811834,
        0.002340126,
        0.002208826,
        0.0019869090000000002,
        0.002109606,
        0.002170191,
        0.002111195,
        0.0020347710000000003,
        0.0019063550000000002,
        0.0016936910000000002,
        0.00193833,
        0.001928479,
        0.0016909960000000002,
        0.001702247,
        0.001643621,
        0.002191265,
        0.0021814020000000003,
        0.0019426830000000002,
        0.0018582350000000002,
        0.0018027730000000001,
        0.001680753,
        0.0018850160000000002,
        0.002115404,
        0.001959967,
        0.0019531450000000003,
        0.002011278,
        0.0023374010000000002,
        0.002588902,
        0.002553567,
        0.002269732,
        0.0022706550000000003,
        0.0020852870000000003,
        0.001828252,
        0.001691226,
        0.001923418,
        0.001927693,
        0.0018564430000000002,
        0.0018268330000000001,
        0.0016795050000000002,
        0.001845978,
        0.002228671,
        0.002058276,
        0.002181248,
        0.0019568750000000003,
        0.0017741830000000001,
        0.001736034,
        0.001658753,
        0.001998379,
        0.001962719,
        0.002154384,
        0.0022681840000000003,
        0.002288631,
        0.0023103480000000003
      ],
      "exit_codes": [
        0,
        0,
        0,
        0,
        0,
        0,
        0,
        0,
        0,
        0,
        0,
        0,
        0,
        0,
        0,
        0,
        0,
        0,
        0,
        0,
        0,
        0,
        0,
        0,
        0,
        0,
        0,
        0,
        0,
        0,
        0,
        0,
        0,
        0,
        0,
        0,
        0,
        0,
        0,
        0,
        0,
        0,
        0,
        0,
        0,
        0,
        0,
        0,
        0,
        0,
        0,
        0,
        0,
        0,
        0,
        0,
        0,
        0,
        0,
        0,
        0,
        0,
        0,
        0,
        0,
        0,
        0,
        0,
        0,
        0,
        0,
        0,
        0,
        0,
        0,
        0,
        0,
        0,
        0,
        0,
        0,
        0,
        0,
        0,
        0,
        0,
        0,
        0,
        0,
        0,
        0,
        0,
        0,
        0,
        0,
        0,
        0,
        0,
        0,
        0
      ]
    }
  ]
}
