{
  "results": [
    {
      "command": "./build/day5/day5 < inputs/day5/input.txt",
      "mean": 0.65312010796,
      "stddev": 0.019847483942544736,
      "median": 0.6495230298600001,
      "user": 6.830622119999999,
      "system": 0.03341057999999999,
      "min": 0.6322490283600001,
      "max": 0.71296693436,
      "times": [
        0.65855689636,
        0.63785417736,
        0.6494163663600001,
        0.71296693436,
        0.68995288836,
        0.64983375336,
        0.66245479236,
        0.6434904933600001,
        0.6397933843600001,
        0.6496296933600001,
        0.63381884836,
        0.6460554623600001,
        0.6322490283600001,
        0.6497390643600001,
        0.6549157253600001,
        0.64418266536,
        0.65098144536,
        0.67701876236,
        0.6384390793600001,
        0.6410526983600001
      ],
      "exit_codes": [
        0,
        0,
        0,
        0,
        0,
        0,
        0,
        0,
        0,
        0,
        0,
        0,
        0,
        0,
        0,
        0,
        0,
        0,
        0,
        0
      ]
    }
  ]
}
