{
  "results": [
    {
      "command": "./build/day7/day7 < inputs/day7/input.txt",
      "mean": 0.00474290951,
      "stddev": 0.0004665850190872618,
      "median": 0.0049426476600000005,
      "user": 0.0034833900000000003,
      "system": 0.0012166259999999997,
      "min": 0.00372029816,
      "max": 0.00527128016,
      "times": [
        0.00407889016,
        0.00372029816,
        0.00483855116,
        0.00445901916,
        0.00483289216,
        0.00504895916,
        0.0050506601600000004,
        0.00494087916,
        0.00497807816,
        0.003824992160000001,
        0.00502004516,
        0.00481187316,
        0.00399938816,
        0.00512596116,
        0.00505390716,
        0.0050926641600000004,
        0.00506623516,
        0.00527128016,
        0.00469920016,
        0.00494441616
      ],
      "exit_codes": [
        0,
        0,
        0,
        0,
        0,
        0,
        0,
        0,
        0,
        0,
        0,
        0,
        0,
        0,
        0,
        0,
        0,
        0,
        0,
        0
      ]
    }
  ]
}
