{
  "results": [
    {
      "command": "./build/day9/day9 < inputs/day9/input.txt",
      "mean": 0.0009953021,
      "stddev": 0.00006114782723333591,
      "median": 0.0009767250000000001,
      "user": 0.00048494999999999994,
      "system": 0.0004149999999999999,
      "min": 0.0009154510000000001,
      "max": 0.0011129920000000001,
      "times": [
        0.0010766460000000001,
        0.001066639,
        0.001037872,
        0.0009657380000000001,
        0.000966619,
        0.0009161060000000001,
        0.001080388,
        0.0009312910000000001,
        0.0009563190000000001,
        0.0010014450000000001,
        0.0010678080000000002,
        0.000996624,
        0.000956867,
        0.0011129920000000001,
        0.0009696940000000001,
        0.0009389620000000001,
        0.0010343840000000002,
        0.0009837560000000001,
        0.0009304410000000001,
        0.0009154510000000001
      ],
      "exit_codes": [
        0,
        0,
        0,
        0,
        0,
        0,
        0,
        0,
        0,
        0,
        0,
        0,
        0,
        0,
        0,
        0,
        0,
        0,
        0,
        0
      ]
    }
  ]
}
