{
  "results": [
    {
      "command": "./build/day13/day13 < inputs/day13/input.txt",
      "mean": 0.0012603936800000008,
      "stddev": 0.00012904191789068107,
      "median": 0.0012606303800000006,
      "user": 0.00039649399999999995,
      "system": 0.0009960199999999998,
      "min": 0.0009910508800000007,
      "max": 0.0014650138800000006,
      "times": [
        0.0014434678800000007,
        0.0013914268800000007,
        0.0014650138800000006,
        0.0013743808800000005,
        0.0012323738800000005,
        0.0012790368800000007,
        0.0012659148800000007,
        0.0012444798800000005,
        0.0011193588800000004,
        0.0014275328800000008,
        0.0010717508800000006,
        0.0012717868800000008,
        0.0012077608800000008,
        0.0012214338800000005,
        0.0009910508800000007,
        0.0013359448800000008,
        0.0010672948800000007,
        0.0012174668800000008,
        0.0012553458800000005,
        0.0013250508800000007
      ],
      "exit_codes": [
        0,
        0,
        0,
        0,
        0,
        0,
        0,
        0,
        0,
        0,
        0,
        0,
        0,
        0,
        0,
        0,
        0,
        0,
        0,
        0
      ]
    }
  ]
}
