{
  "results": [
    {
      "command": "./build/day10/day10 < inputs/day10/input.txt",
      "mean": 0.0010451741500000001,
      "stddev": 0.0000706259360189673,
      "median": 0.0010207045,
      "user": 0.0005951,
      "system": 0.0003628,
      "min": 0.00095545,
      "max": 0.001188103,
      "times": [
        0.001140006,
        0.001188103,
        0.001127365,
        0.000962204,
        0.00108156,
        0.001023051,
        0.00097437,
        0.0009777590000000001,
        0.00095545,
        0.001108491,
        0.001059098,
        0.0010173,
        0.001045603,
        0.000977812,
        0.000999018,
        0.000988092,
        0.001018358,
        0.0010026050000000002,
        0.001150133,
        0.0011071050000000002
      ],
      "exit_codes": [
        0,
        0,
        0,
        0,
        0,
        0,
        0,
        0,
        0,
        0,
        0,
        0,
        0,
        0,
        0,
        0,
        0,
        0,
        0,
        0
      ]
    }
  ]
}
