{
  "results": [
    {
      "command": "./build/day1/day1 < inputs/day1/input.txt",
      "mean": 0.0009320625999999999,
      "stddev": 0.00008331917223696257,
      "median": 0.0009507755,
      "user": 0.0005082000000000001,
      "system": 0.00035115,
      "min": 0.000738679,
      "max": 0.001032927,
      "times": [
        0.0008809550000000001,
        0.000904685,
        0.000794111,
        0.000986153,
        0.0009038430000000001,
        0.0008922820000000001,
        0.000738679,
        0.0007750480000000001,
        0.001015531,
        0.00095664,
        0.000994673,
        0.0010180150000000002,
        0.0009342300000000001,
        0.000923809,
        0.000994331,
        0.000992487,
        0.0010013020000000001,
        0.0009494010000000001,
        0.001032927,
        0.00095215
      ],
      "exit_codes": [
        0,
        0,
        0,
        0,
        0,
        0,
        0,
        0,
        0,
        0,
        0,
        0,
        0,
        0,
        0,
        0,
        0,
        0,
        0,
        0
      ]
    }
  ]
}
