{
  "results": [
    {
      "command": "./build/day2/day2 < inputs/day2/input.txt",
      "mean": 0.0009869350600000002,
      "stddev": 0.00008140813874568541,
      "median": 0.0009731140000000001,
      "user": 0.0004319599999999999,
      "system": 0.00048187000000000013,
      "min": 0.000757284,
      "max": 0.001255588,
      "times": [
        0.0009486480000000001,
        0.0009528890000000001,
        0.0009111130000000001,
        0.000946606,
        0.000940823,
        0.0009499780000000001,
        0.001004312,
        0.001015342,
        0.0009542280000000001,
        0.0009858290000000001,
        0.000757284,
        0.0010460480000000002,
        0.000789836,
        0.0010174580000000002,
        0.001084461,
        0.0010280830000000002,
        0.001034433,
        0.001034131,
        0.0009480350000000001,
        0.001012436,
        0.000999219,
        0.000997174,
        0.001041688,
        0.000939149,
        0.000964951,
        0.0009773450000000001,
        0.001255588,
        0.0009666400000000001,
        0.000960772,
        0.001113637,
        0.0010047370000000001,
        0.0011332030000000002,
        0.001010728,
        0.001021828,
        0.000997547,
        0.0010850880000000001,
        0.0009296370000000001,
        0.0009381410000000001,
        0.001064941,
        0.0011454030000000001,
        0.001107745,
        0.001044562,
        0.001004852,
        0.000990079,
        0.000863769,
        0.001022862,
        0.001033841,
        0.0009535880000000001,
        0.001048263,
        0.0009981480000000001,
        0.000936939,
        0.001031147,
        0.00094406,
        0.0011463900000000002,
        0.00100908,
        0.0009386450000000001,
        0.0009688440000000001,
        0.000995846,
        0.000954663,
        0.001023316,
        0.0009732170000000001,
        0.0009542760000000001,
        0.001004887,
        0.0009309230000000001,
        0.000920676,
        0.0009230270000000001,
        0.001093177,
        0.0009664500000000001,
        0.000916427,
        0.0009237080000000001,
        0.0009354090000000001,
        0.0011185910000000002,
        0.0009448410000000001,
        0.00093862,
        0.001103554,
        0.0009551440000000001,
        0.001052074,
        0.000922431,
        0.0009110390000000001,
        0.0009236740000000001,
        0.0011071380000000001,
        0.000916708,
        0.0009192200000000001,
        0.0008122650000000001,
        0.0010001740000000002,
        0.0009190890000000001,
        0.000930234,
        0.0011321970000000002,
        0.0009526080000000001,
        0.0010924530000000002,
        0.000962251,
        0.000917549,
        0.00080216,
        0.001112466,
        0.0008842580000000001,
        0.0008672700000000001,
        0.0010205330000000001,
        0.0010939650000000001,
        0.0009730110000000001,
        0.000939784
      ],
      "exit_codes": [
        0,
        0,
        0,
        0,
        0,
        0,
        0,
        0,
        0,
        0,
        0,
        0,
        0,
        0,
        0,
        0,
        0,
        0,
        0,
        0,
        0,
        0,
        0,
        0,
        0,
        0,
        0,
        0,
        0,
        0,
        0,
        0,
        0,
        0,
        0,
        0,
        0,
        0,
        0,
        0,
        0,
        0,
        0,
        0,
        0,
        0,
        0,
        0,
        0,
        0,
        0,
        0,
        0,
        0,
        0,
        0,
        0,
        0,
        0,
        0,
        0,
        0,
        0,
        0,
        0,
        0,
        0,
        0,
        0,
        0,
        0,
        0,
        0,
        0,
        0,
        0,
        0,
        0,
        0,
        0,
        0,
        0,
        0,
        0,
        0,
        0,
        0,
        0,
        0,
        0,
        0,
        0,
        0,
        0,
        0,
        0,
        0,
        0,
        0,
        0
      ]
    }
  ]
}
