{
  "results": [
    {
      "command": "./build/day7/day7 < inputs/day7/input.txt",
      "mean": 0.00097182745,
      "stddev": 0.0000722541293341735,
      "median": 0.0009554370000000001,
      "user": 0.00027364999999999996,
      "system": 0.0006143499999999998,
      "min": 0.0008704720000000001,
      "max": 0.001137915,
      "times": [
        0.000973629,
        0.0009515840000000001,
        0.00097345,
        0.001137915,
        0.0008704720000000001,
        0.000961861,
        0.00113152,
        0.0009507640000000001,
        0.000935431,
        0.0009261120000000001,
        0.000958513,
        0.0009523610000000001,
        0.001063738,
        0.0009281710000000001,
        0.0009157140000000001,
        0.000919642,
        0.0008741990000000001,
        0.0009667990000000001,
        0.00101927,
        0.0010254040000000002
      ],
      "exit_codes": [
        0,
        0,
        0,
        0,
        0,
        0,
        0,
        0,
        0,
        0,
        0,
        0,
        0,
        0,
        0,
        0,
        0,
        0,
        0,
        0
      ]
    }
  ]
}
