{
  "results": [
    {
      "command": "./build/day12/day12 < inputs/day12/input.txt",
      "mean": 0.36017146272,
      "stddev": 0.004643375878036513,
      "median": 0.35982483202000004,
      "user": 0.35686305000000007,
      "system": 0.0016675859999999998,
      "min": 0.35020756752000004,
      "max": 0.36866715952,
      "times": [
        0.35020756752000004,
        0.35819466652000004,
        0.36182006852000004,
        0.36866715952,
        0.35180876652000004,
        0.35983717452,
        0.36656652352,
        0.35852535752000003,
        0.35558100652,
        0.36252401652,
        0.35712747352,
        0.35796425952,
        0.35787089452000004,
        0.36076980852,
        0.35976183952,
        0.36463995252000003,
        0.36147794152,
        0.35981248952,
        0.36477479452,
        0.36549749352
      ],
      "exit_codes": [
        0,
        0,
        0,
        0,
        0,
        0,
        0,
        0,
        0,
        0,
        0,
        0,
        0,
        0,
        0,
        0,
        0,
        0,
        0,
        0
      ]
    }
  ]
}
