{
  "results": [
    {
      "command": "./build/day7/day7 < inputs/day7/input.txt",
      "mean": 0.0012592309000000002,
      "stddev": 0.00020417863701049425,
      "median": 0.0012539310000000002,
      "user": 0.0006791500000000001,
      "system": 0.0004449999999999999,
      "min": 0.0009456610000000001,
      "max": 0.0016717420000000001,
      "times": [
        0.0010516730000000001,
        0.0010355990000000001,
        0.001370141,
        0.001385004,
        0.0012025450000000002,
        0.001338966,
        0.0011362750000000002,
        0.00101662,
        0.001006201,
        0.0009456610000000001,
        0.001097453,
        0.0014096010000000001,
        0.0013842470000000001,
        0.0012215680000000001,
        0.0012720650000000002,
        0.001295518,
        0.001235797,
        0.0014727050000000002,
        0.0016717420000000001,
        0.001635237
      ],
      "exit_codes": [
        0,
        0,
        0,
        0,
        0,
        0,
        0,
        0,
        0,
        0,
        0,
        0,
        0,
        0,
        0,
        0,
        0,
        0,
        0,
        0
      ]
    }
  ]
}
