{
  "results": [
    {
      "command": "./build/day5/day5 < inputs/day5/input.txt",
      "mean": 0.6616867268,
      "stddev": 0.015152423322076098,
      "median": 0.6593217148999999,
      "user": 6.944036919999999,
      "system": 0.03358517,
      "min": 0.6351388109,
      "max": 0.7047611269,
      "times": [
        0.6464157719,
        0.6869509079,
        0.6351388109,
        0.6588841069,
        0.6662355399,
        0.6559076969,
        0.6606379619,
        0.6531225829,
        0.6432735179,
        0.6586680179,
        0.6704913899,
        0.6480417589,
        0.7047611269,
        0.6662265329,
        0.6571404359,
        0.6660556179,
        0.6672972249,
        0.6583419969,
        0.6597593229,
        0.6703842139
      ],
      "exit_codes": [
        0,
        0,
        0,
        0,
        0,
        0,
        0,
        0,
        0,
        0,
        0,
        0,
        0,
        0,
        0,
        0,
        0,
        0,
        0,
        0
      ]
    }
  ]
}
