{
  "results": [
    {
      "command": "build\\day7\\day7.exe < inputs\\day7\\input.txt",
      "mean": 0.001104520600000001,
      "stddev": 0.002840125298015611,
      "median": 0.0,
      "user": 0.004531249999999999,
      "system": 0.004,
      "min": 0.0,
      "max": 0.010138852000000004,
      "times": [
        0.010138852000000004,
        0.0,
        0.0,
        0.0,
        0.0,
        0.0,
        0.0,
        0.0,
        0.0,
        0.0,
        0.002919452000000003,
        0.0,
        0.0,
        0.008113552000000003,
        0.0,
        0.0,
        0.0,
        0.0006877520000000033,
        0.00004345200000000285,
        0.00018735200000000174
      ],
      "exit_codes": [
        0,
        0,
        0,
        0,
        0,
        0,
        0,
        0,
        0,
        0,
        0,
        0,
        0,
        0,
        0,
        0,
        0,
        0,
        0,
        0
      ]
    }
  ]
}
