{
  "results": [
    {
      "command": "./build/day1/day1 < inputs/day1/input.txt",
      "mean": 0.00099339075,
      "stddev": 0.00005427757297823747,
      "median": 0.0009978495,
      "user": 0.00049535,
      "system": 0.0004036499999999999,
      "min": 0.0008335770000000001,
      "max": 0.001085643,
      "times": [
        0.001018667,
        0.000980226,
        0.0010155020000000002,
        0.000973571,
        0.001010132,
        0.0009457280000000001,
        0.001085643,
        0.00097539,
        0.000949926,
        0.001035848,
        0.0010336940000000001,
        0.0009690240000000001,
        0.001039278,
        0.0009855670000000001,
        0.000937491,
        0.0008335770000000001,
        0.00105466,
        0.001035796,
        0.0010113630000000001,
        0.0009767320000000001
      ],
      "exit_codes": [
        0,
        0,
        0,
        0,
        0,
        0,
        0,
        0,
        0,
        0,
        0,
        0,
        0,
        0,
        0,
        0,
        0,
        0,
        0,
        0
      ]
    }
  ]
}
