{
  "results": [
    {
<<<<<<< HEAD
      "command": "./build/day13/day13 < inputs/day13/input.txt",
      "mean": 0.0729303609,
      "stddev": 0.0014462456486924122,
      "median": 0.07310373090000001,
      "user": 0.07143158000000001,
      "system": 0.001070544,
      "min": 0.0695898804,
      "max": 0.0752884634,
      "times": [
        0.0752884634,
        0.07212528840000001,
        0.0729593104,
        0.07217101140000001,
        0.0738412674,
        0.07086417140000001,
        0.07379434640000002,
        0.0722996544,
        0.0695898804,
        0.07356012740000001,
        0.0733712614,
        0.0742216674,
        0.0738736264,
        0.07302004540000001,
        0.07262677540000001,
        0.0739937644,
        0.07518376840000002,
        0.07196114640000001,
        0.07318741640000001,
        0.07067422540000001
=======
      "command": "build\\day13\\day13.exe < inputs\\day13\\input.txt",
      "mean": 0.00001090920000000016,
      "stddev": 0.00004878742556028213,
      "median": 0.0,
      "user": 0.00484375,
      "system": 0.003937500000000001,
      "min": 0.0,
      "max": 0.0002181840000000032,
      "times": [
        0.0,
        0.0,
        0.0,
        0.0,
        0.0,
        0.0,
        0.0,
        0.0,
        0.0,
        0.0,
        0.0,
        0.0,
        0.0,
        0.0,
        0.0,
        0.0002181840000000032,
        0.0,
        0.0,
        0.0,
        0.0
>>>>>>> 114c7ab82a23641f8643651ad2a30e775ebeee80
      ],
      "exit_codes": [
        0,
        0,
        0,
        0,
        0,
        0,
        0,
        0,
        0,
        0,
        0,
        0,
        0,
        0,
        0,
        0,
        0,
        0,
        0,
        0
      ]
    }
  ]
}
