{
  "results": [
    {
      "command": "./build/day3/day3 < inputs/day3/input.txt",
      "mean": 0.0017005461399999997,
      "stddev": 0.00022264220246026557,
      "median": 0.0017157975400000003,
      "user": 0.0010281399999999999,
      "system": 0.0007338239999999999,
      "min": 0.00114282154,
      "max": 0.00216103054,
      "times": [
        0.00216103054,
        0.0018956205400000002,
        0.00175844154,
        0.0018163195400000003,
        0.00161941854,
        0.0017993195400000002,
        0.0017250205400000003,
        0.00182782054,
        0.0016662825400000003,
        0.00114282154,
        0.00168975854,
        0.0016857545400000003,
        0.0016754215400000003,
        0.0016770985400000001,
        0.0011689875400000002,
        0.0017065745400000002,
        0.0015850925400000002,
        0.0018028005400000002,
        0.00181847454,
        0.0017888645400000003
      ],
      "exit_codes": [
        0,
        0,
        0,
        0,
        0,
        0,
        0,
        0,
        0,
        0,
        0,
        0,
        0,
        0,
        0,
        0,
        0,
        0,
        0,
        0
      ]
    }
  ]
}
