{
  "results": [
    {
      "command": "./build/day6/day6 < inputs/day6/input.txt",
      "mean": 0.0011137830799999996,
      "stddev": 0.00012576165838998788,
      "median": 0.0010960155799999995,
      "user": 0.0006568849999999998,
      "system": 0.0006513140000000001,
      "min": 0.0009904535799999997,
      "max": 0.0016080275799999998,
      "times": [
        0.0011424375799999997,
        0.0011036515799999994,
        0.0011424295799999996,
        0.0009904535799999997,
        0.0011284475799999995,
        0.0016080275799999998,
        0.0010966265799999995,
        0.0010519115799999996,
        0.0011692995799999996,
        0.0010765075799999996,
        0.0010513215799999997,
        0.0010339525799999995,
        0.0011076475799999994,
        0.0011507835799999995,
        0.0010954045799999995,
        0.0011253465799999998,
        0.0010650025799999994,
        0.0010482205799999995,
        0.0010131165799999997,
        0.0010750725799999995
      ],
      "exit_codes": [
        0,
        0,
        0,
        0,
        0,
        0,
        0,
        0,
        0,
        0,
        0,
        0,
        0,
        0,
        0,
        0,
        0,
        0,
        0,
        0
      ]
    }
  ]
}
