{
  "results": [
    {
      "command": "./build/day1/day1 < inputs/day1/input.txt",
      "mean": 0.0012837161099999998,
      "stddev": 0.00012416835315442326,
      "median": 0.0012887044599999998,
      "user": 0.000683145,
      "system": 0.0007672250000000001,
      "min": 0.0010091589599999997,
      "max": 0.0015159449599999996,
      "times": [
        0.00129611296,
        0.0012398339599999997,
        0.0011588619599999998,
        0.0010091589599999997,
        0.0013267289599999997,
        0.0013248419599999998,
        0.0012030949599999997,
        0.0012812959599999996,
        0.0011539639599999997,
        0.0014420019599999997,
        0.0012445419599999997,
        0.0010997579599999999,
        0.0014530269599999997,
        0.00132382596,
        0.0012737319599999998,
        0.0013687299599999996,
        0.0012126549599999997,
        0.0013705589599999997,
        0.0015159449599999996,
        0.0013756529599999998
      ],
      "exit_codes": [
        0,
        0,
        0,
        0,
        0,
        0,
        0,
        0,
        0,
        0,
        0,
        0,
        0,
        0,
        0,
        0,
        0,
        0,
        0,
        0
      ]
    }
  ]
}
