{
  "results": [
    {
      "command": "./build/day2/day2 < inputs/day2/input.txt",
      "mean": 0.0023735958499999997,
      "stddev": 0.0003736807665461154,
      "median": 0.002343039,
      "user": 0.00104249,
      "system": 0.0009968000000000002,
      "min": 0.001791442,
      "max": 0.003812039,
      "times": [
        0.0019426860000000001,
        0.002003827,
        0.001987731,
        0.002186651,
        0.002227314,
        0.002142236,
        0.0021711480000000003,
        0.002521662,
        0.0026901150000000003,
        0.002404316,
        0.0024173230000000003,
        0.0023519770000000003,
        0.003812039,
        0.0026177830000000003,
        0.003111837,
        0.0025277430000000003,
        0.00239558,
        0.002448458,
        0.002747563,
        0.003104009,
        0.002956663,
        0.002410873,
        0.002128861,
        0.002436796,
        0.002200492,
        0.002629072,
        0.00284655,
        0.002411676,
        0.002693736,
        0.002658441,
        0.002245555,
        0.002263179,
        0.002889215,
        0.002468057,
        0.0025276770000000003,
        0.0020647020000000003,
        0.002144502,
        0.0020381450000000003,
        0.002177314,
        0.0023877300000000002,
        0.002422809,
        0.002884321,
        0.0025386550000000003,
        0.0029866330000000003,
        0.0024439310000000003,
        0.002542482,
        0.002489081,
        0.002179657,
        0.002352471,
        0.0021350360000000003,
        0.002163312,
        0.0024782880000000004,
        0.002049462,
        0.003308095,
        0.0022265600000000003,
        0.002013089,
        0.002064662,
        0.00237154,
        0.0035534230000000004,
        0.002209101,
        0.002445168,
        0.0030805420000000003,
        0.00234885,
        0.0025200020000000004,
        0.0029375390000000003,
        0.0022033250000000003,
        0.002574448,
        0.0022590360000000003,
        0.002304551,
        0.0023372280000000002,
        0.0028317890000000004,
        0.002835488,
        0.002084774,
        0.002211998,
        0.002001156,
        0.002007263,
        0.001999251,
        0.0019528660000000002,
        0.0018000490000000002,
        0.001941563,
        0.001889484,
        0.001947481,
        0.002148122,
        0.002369809,
        0.0022185430000000003,
        0.002709827,
        0.0024508200000000003,
        0.0023763670000000003,
        0.002207793,
        0.0024124650000000004,
        0.0020837440000000002,
        0.002104691,
        0.002005666,
        0.0019560650000000003,
        0.0019288760000000002,
        0.001856131,
        0.00210414,
        0.001791442,
        0.00222949,
        0.002087901
      ],
      "exit_codes": [
        0,
        0,
        0,
        0,
        0,
        0,
        0,
        0,
        0,
        0,
        0,
        0,
        0,
        0,
        0,
        0,
        0,
        0,
        0,
        0,
        0,
        0,
        0,
        0,
        0,
        0,
        0,
        0,
        0,
        0,
        0,
        0,
        0,
        0,
        0,
        0,
        0,
        0,
        0,
        0,
        0,
        0,
        0,
        0,
        0,
        0,
        0,
        0,
        0,
        0,
        0,
        0,
        0,
        0,
        0,
        0,
        0,
        0,
        0,
        0,
        0,
        0,
        0,
        0,
        0,
        0,
        0,
        0,
        0,
        0,
        0,
        0,
        0,
        0,
        0,
        0,
        0,
        0,
        0,
        0,
        0,
        0,
        0,
        0,
        0,
        0,
        0,
        0,
        0,
        0,
        0,
        0,
        0,
        0,
        0,
        0,
        0,
        0,
        0,
        0
      ]
    }
  ]
}
