{
  "results": [
    {
      "command": "./build/day7/day7 < inputs/day7/input.txt",
      "mean": 0.0009714558999999997,
      "stddev": 0.00009162065549915443,
      "median": 0.0009411925,
      "user": 0.0007300500000000001,
      "system": 0.00016849999999999998,
      "min": 0.000810354,
      "max": 0.0011742810000000001,
      "times": [
        0.001008428,
        0.001141609,
        0.001163,
        0.000962115,
        0.000943089,
        0.0009475180000000001,
        0.0009295830000000001,
        0.000920481,
        0.00094448,
        0.001022508,
        0.000929557,
        0.000910203,
        0.0009334990000000001,
        0.0009873170000000001,
        0.000912479,
        0.0009392960000000001,
        0.0009160030000000001,
        0.000810354,
        0.000933318,
        0.0011742810000000001
      ],
      "exit_codes": [
        0,
        0,
        0,
        0,
        0,
        0,
        0,
        0,
        0,
        0,
        0,
        0,
        0,
        0,
        0,
        0,
        0,
        0,
        0,
        0
      ]
    }
  ]
}
