{
  "results": [
    {
      "command": "./build/day4/day4 < inputs/day4/input.txt",
      "mean": 0.0037157773600000007,
      "stddev": 0.00034554309921863756,
      "median": 0.00366843476,
      "user": 0.0024222,
      "system": 0.00115775,
      "min": 0.0031157247599999994,
      "max": 0.00483408276,
      "times": [
        0.0037210287599999995,
        0.0036060837599999995,
        0.00377219376,
        0.00393243076,
        0.00363535376,
        0.00350839276,
        0.004105252760000001,
        0.00364347776,
        0.00327444876,
        0.0035039427599999995,
        0.0038911407599999995,
        0.00353219576,
        0.0035104087599999996,
        0.00360761376,
        0.00369339176,
        0.00384912576,
        0.0031157247599999994,
        0.00483408276,
        0.0037565517599999995,
        0.00382270576
      ],
      "exit_codes": [
        0,
        0,
        0,
        0,
        0,
        0,
        0,
        0,
        0,
        0,
        0,
        0,
        0,
        0,
        0,
        0,
        0,
        0,
        0,
        0
      ]
    }
  ]
}
