{
  "results": [
    {
      "command": "./build/day2/day2 < inputs/day2/input.txt",
      "mean": 0.0014072372499999999,
      "stddev": 0.0001648599828128084,
      "median": 0.0013740315,
      "user": 0.000694965,
      "system": 0.00089982,
      "min": 0.0011894940000000001,
      "max": 0.0017558040000000001,
      "times": [
        0.0016327009999999999,
        0.0013079110000000001,
        0.001214301,
        0.0015283609999999998,
        0.001227124,
        0.001378954,
        0.0013031240000000001,
        0.0017558040000000001,
        0.001216113,
        0.0014071600000000002,
        0.0015994770000000002,
        0.0013245420000000002,
        0.0011894940000000001,
        0.0014005469999999998,
        0.0015897110000000002,
        0.0015924720000000002,
        0.001315195,
        0.0013691089999999999,
        0.001524133,
        0.0012685119999999999
      ],
      "exit_codes": [
        0,
        0,
        0,
        0,
        0,
        0,
        0,
        0,
        0,
        0,
        0,
        0,
        0,
        0,
        0,
        0,
        0,
        0,
        0,
        0
      ]
    }
  ]
}
