{
  "results": [
    {
      "command": "./build/day10/day10 < inputs/day10/input.txt",
      "mean": 0.0014902083900000004,
      "stddev": 0.00012853548527455675,
      "median": 0.0014788630400000005,
      "user": 0.00083359,
      "system": 0.0007876579999999999,
      "min": 0.0013169985400000002,
      "max": 0.0018104475400000006,
      "times": [
        0.0017582885400000002,
        0.0014341895400000002,
        0.0014894845400000006,
        0.0016073055400000003,
        0.0016004765400000004,
        0.0018104475400000006,
        0.0015026915400000005,
        0.0013408355400000003,
        0.0013585475400000003,
        0.0014395865400000005,
        0.0014706815400000006,
        0.0015042185400000003,
        0.0013941625400000004,
        0.0015272085400000004,
        0.0014870445400000003,
        0.0015498325400000006,
        0.0014048075400000005,
        0.0013801685400000002,
        0.0013169985400000002,
        0.0014271915400000004
      ],
      "exit_codes": [
        0,
        0,
        0,
        0,
        0,
        0,
        0,
        0,
        0,
        0,
        0,
        0,
        0,
        0,
        0,
        0,
        0,
        0,
        0,
        0
      ]
    }
  ]
}
