{
  "results": [
    {
      "command": "./build/day10/day10 < inputs/day10/input.txt",
      "mean": 0.0016324851100000004,
      "stddev": 0.00017793799000079686,
      "median": 0.00159306516,
      "user": 0.0008686419999999999,
      "system": 0.0008653579999999999,
      "min": 0.0014074666600000002,
      "max": 0.0019476586600000003,
      "times": [
        0.00155709366,
        0.0019476586600000003,
        0.0018094946600000002,
        0.0014319076600000002,
        0.0016047536600000002,
        0.0016848116600000002,
        0.0014212016600000002,
        0.0014881376600000002,
        0.00188152066,
        0.0018396076600000002,
        0.0016740586600000002,
        0.0018063316600000002,
        0.00148371366,
        0.0014074666600000002,
        0.00185492566,
        0.0015166686600000003,
        0.00146188766,
        0.0014412816600000002,
        0.00175580366,
        0.00158137666
      ],
      "exit_codes": [
        0,
        0,
        0,
        0,
        0,
        0,
        0,
        0,
        0,
        0,
        0,
        0,
        0,
        0,
        0,
        0,
        0,
        0,
        0,
        0
      ]
    }
  ]
}
