{
  "results": [
    {
      "command": "./build/day10/day10 < inputs/day10/input.txt",
      "mean": 0.0015103272899999998,
      "stddev": 0.00018250115329004738,
      "median": 0.0014673395399999998,
      "user": 0.001215408,
      "system": 0.000419447,
      "min": 0.0012601080399999996,
      "max": 0.00208530004,
      "times": [
        0.0014642730399999997,
        0.0017348310399999999,
        0.0016504020399999999,
        0.0013894680399999999,
        0.0013035530399999997,
        0.0014483560399999999,
        0.0012601080399999996,
        0.00208530004,
        0.0015362820399999998,
        0.0014487290399999996,
        0.0013943830399999997,
        0.0014243640399999999,
        0.0013269370399999997,
        0.0016002300399999996,
        0.00159866404,
        0.00147040604,
        0.00164667104,
        0.0015276400399999997,
        0.00148796804,
        0.00140798004
      ],
      "exit_codes": [
        0,
        0,
        0,
        0,
        0,
        0,
        0,
        0,
        0,
        0,
        0,
        0,
        0,
        0,
        0,
        0,
        0,
        0,
        0,
        0
      ]
    }
  ]
}
