{
  "results": [
    {
      "command": "build\\day13\\day13.exe < inputs\\day13\\input.txt",
      "mean": 0.00001090920000000016,
      "stddev": 0.00004878742556028213,
      "median": 0.0,
      "user": 0.00484375,
      "system": 0.003937500000000001,
      "min": 0.0,
      "max": 0.0002181840000000032,
      "times": [
        0.0,
        0.0,
        0.0,
        0.0,
        0.0,
        0.0,
        0.0,
        0.0,
        0.0,
        0.0,
        0.0,
        0.0,
        0.0,
        0.0,
        0.0,
        0.0002181840000000032,
        0.0,
        0.0,
        0.0,
        0.0
      ],
      "exit_codes": [
        0,
        0,
        0,
        0,
        0,
        0,
        0,
        0,
        0,
        0,
        0,
        0,
        0,
        0,
        0,
        0,
        0,
        0,
        0,
        0
      ]
    }
  ]
}
