{
  "results": [
    {
      "command": "./build/day4/day4 < inputs/day4/input.txt",
      "mean": 0.00098812985,
      "stddev": 0.0000921211989456653,
      "median": 0.0009623710000000001,
      "user": 0.00039414999999999996,
      "system": 0.0005077999999999999,
      "min": 0.0007304330000000001,
      "max": 0.0011397570000000001,
      "times": [
        0.0011085300000000001,
        0.0007304330000000001,
        0.00090839,
        0.0011397570000000001,
        0.00107411,
        0.001034476,
        0.0010827080000000002,
        0.0010053290000000001,
        0.000942634,
        0.0009528710000000001,
        0.0010126220000000001,
        0.0009451990000000001,
        0.001109746,
        0.000964188,
        0.000958383,
        0.001020328,
        0.0009590070000000001,
        0.0009605540000000001,
        0.0009268190000000001,
        0.000926513
      ],
      "exit_codes": [
        0,
        0,
        0,
        0,
        0,
        0,
        0,
        0,
        0,
        0,
        0,
        0,
        0,
        0,
        0,
        0,
        0,
        0,
        0,
        0
      ]
    }
  ]
}
