{
  "results": [
    {
      "command": "./build/day8/day8 < inputs/day8/input.txt",
      "mean": 0.00132807481,
      "stddev": 0.00008692133957506456,
      "median": 0.0013148002600000001,
      "user": 0.0005482320000000001,
      "system": 0.001005116,
      "min": 0.0011328052600000002,
      "max": 0.00147977026,
      "times": [
        0.0014467912600000003,
        0.0014332812600000003,
        0.00142723826,
        0.0013307572600000002,
        0.00136407326,
        0.0013472462600000003,
        0.00129884326,
        0.0013600932600000002,
        0.0012717562600000002,
        0.00128945626,
        0.00126014326,
        0.0014459152600000004,
        0.00125283426,
        0.00147977026,
        0.0013458662600000003,
        0.00127485626,
        0.00124803726,
        0.0012718672600000004,
        0.0011328052600000002,
        0.0012798642600000004
      ],
      "exit_codes": [
        0,
        0,
        0,
        0,
        0,
        0,
        0,
        0,
        0,
        0,
        0,
        0,
        0,
        0,
        0,
        0,
        0,
        0,
        0,
        0
      ]
    }
  ]
}
