{
  "results": [
    {
      "command": "./build/day5/day5 < inputs/day5/input.txt",
      "mean": 19.369043550799997,
      "stddev": 4.042485994272991,
      "median": 18.470508761,
      "user": 209.3362868,
      "system": 0.23900320000000003,
      "min": 14.592862046,
      "max": 28.528531605,
      "times": [
        18.227883164,
        15.763768267,
        15.347716666,
        14.946463569,
        14.79624567,
        18.713134358,
        23.979867011,
        19.775820164,
        25.752914811,
        17.565597774,
        18.886147269,
        20.068461978,
        23.625618953,
        21.048829874,
        16.747545679,
        24.709660922,
        16.936230331,
        14.592862046,
        17.367570905,
        28.528531605
      ],
      "exit_codes": [
        0,
        0,
        0,
        0,
        0,
        0,
        0,
        0,
        0,
        0,
        0,
        0,
        0,
        0,
        0,
        0,
        0,
        0,
        0,
        0
      ]
    }
  ]
}
