{
  "results": [
    {
      "command": "./build/day2/day2 < inputs/day2/input.txt",
      "mean": 0.0009691504499999999,
      "stddev": 0.000045978233256818624,
      "median": 0.0009712815,
      "user": 0.0008552499999999999,
      "system": 0.00004345,
      "min": 0.000895953,
      "max": 0.00104988,
      "times": [
        0.0009971560000000001,
        0.0009773820000000002,
        0.0009237690000000001,
        0.000904879,
        0.000975474,
        0.0009982650000000001,
        0.0009372330000000001,
        0.0009270840000000001,
        0.000895953,
        0.0009241680000000001,
        0.0010342770000000001,
        0.000988662,
        0.000948143,
        0.00104988,
        0.001034785,
        0.0009594060000000001,
        0.0009670890000000001,
        0.0009228820000000001,
        0.001029219,
        0.0009873030000000001
      ],
      "exit_codes": [
        0,
        0,
        0,
        0,
        0,
        0,
        0,
        0,
        0,
        0,
        0,
        0,
        0,
        0,
        0,
        0,
        0,
        0,
        0,
        0
      ]
    }
  ]
}
