{
  "results": [
    {
      "command": "./build/day8/day8 < inputs/day8/input.txt",
      "mean": 0.0015388401800000005,
      "stddev": 0.00022492634611213938,
      "median": 0.0015081512800000003,
      "user": 0.000577464,
      "system": 0.0011390239999999995,
      "min": 0.0012478922800000002,
      "max": 0.0020818342800000005,
      "times": [
        0.0016320372800000004,
        0.0018149462800000002,
        0.0014823452800000005,
        0.0014270022800000003,
        0.0014916312800000004,
        0.0012490852800000002,
        0.0013692602800000004,
        0.0020818342800000005,
        0.0016895682800000004,
        0.0012478922800000002,
        0.0015246712800000002,
        0.0016374142800000004,
        0.0013783522800000004,
        0.0013337422800000004,
        0.0019166272800000004,
        0.0016416862800000005,
        0.0012610002800000002,
        0.0016664182800000004,
        0.0015298452800000003,
        0.0014014432800000002
      ],
      "exit_codes": [
        0,
        0,
        0,
        0,
        0,
        0,
        0,
        0,
        0,
        0,
        0,
        0,
        0,
        0,
        0,
        0,
        0,
        0,
        0,
        0
      ]
    }
  ]
}
