{
  "results": [
    {
      "command": "./build/day4/day4 < inputs/day4/input.txt",
      "mean": 0.00329534122,
      "stddev": 0.00037549935072857184,
      "median": 0.0034519922200000005,
      "user": 0.0025707499999999993,
      "system": 0.0006910260000000002,
      "min": 0.00238285122,
      "max": 0.00368116422,
      "times": [
        0.0034800452200000006,
        0.0031682202200000007,
        0.00289104522,
        0.0035006982200000004,
        0.00323209222,
        0.0032015012200000002,
        0.00359447022,
        0.00362593322,
        0.00238285122,
        0.0034628712200000006,
        0.0035332142200000002,
        0.0026196832200000002,
        0.0035187902200000004,
        0.0033555302200000002,
        0.00263873122,
        0.0034411132200000004,
        0.0035692922200000004,
        0.00368116422,
        0.0036051202200000003,
        0.00340445722
      ],
      "exit_codes": [
        0,
        0,
        0,
        0,
        0,
        0,
        0,
        0,
        0,
        0,
        0,
        0,
        0,
        0,
        0,
        0,
        0,
        0,
        0,
        0
      ]
    }
  ]
}
