{
  "results": [
    {
      "command": "./build/day2/day2 < inputs/day2/input.txt",
      "mean": 0.00129986665,
      "stddev": 0.00010197634697830414,
      "median": 0.0012946049,
      "user": 0.0006796500000000001,
      "system": 0.0007092939999999999,
      "min": 0.0011066168999999998,
      "max": 0.0014894969000000002,
      "times": [
        0.0012099339000000001,
        0.0012687389,
        0.0012656109000000002,
        0.0014120909000000003,
        0.0013971989,
        0.0013086929,
        0.0013790249000000003,
        0.0013144469000000002,
        0.0014894969000000002,
        0.0013537289,
        0.0012563089000000001,
        0.0012068959000000002,
        0.0011433359,
        0.0011994089000000002,
        0.0011066168999999998,
        0.0012223679000000001,
        0.0013854759,
        0.0014441919,
        0.0012805169,
        0.0013532499000000003
      ],
      "exit_codes": [
        0,
        0,
        0,
        0,
        0,
        0,
        0,
        0,
        0,
        0,
        0,
        0,
        0,
        0,
        0,
        0,
        0,
        0,
        0,
        0
      ]
    }
  ]
}
