{
  "results": [
    {
      "command": "./build/day8/day8 < inputs/day8/input.txt",
      "mean": 0.00132977285,
      "stddev": 0.00014499805160479522,
      "median": 0.0013257897000000002,
      "user": 0.000665766,
      "system": 0.000782529,
      "min": 0.0011166352,
      "max": 0.0016394112000000004,
      "times": [
        0.0013819142000000002,
        0.0011513282000000001,
        0.0016394112000000004,
        0.0013112562000000003,
        0.0015733422000000002,
        0.0013661392000000002,
        0.0011166352,
        0.0011771952000000003,
        0.0015348272000000004,
        0.0013036192000000003,
        0.0014914242000000004,
        0.0013527272000000003,
        0.0012870122000000002,
        0.0013905502,
        0.0012709572000000001,
        0.0013421512000000003,
        0.0011764522000000002,
        0.0011805162,
        0.0012076752000000001,
        0.0013403232
      ],
      "exit_codes": [
        0,
        0,
        0,
        0,
        0,
        0,
        0,
        0,
        0,
        0,
        0,
        0,
        0,
        0,
        0,
        0,
        0,
        0,
        0,
        0
      ]
    }
  ]
}
