{
  "results": [
    {
      "command": "./build/day1/day1 < inputs/day1/input.txt",
      "mean": 0.0020304143999999988,
      "stddev": 0.00022770952857879216,
      "median": 0.0019930085000000003,
      "user": 0.0010000800000000002,
      "system": 0.00079999,
      "min": 0.0016335520000000001,
      "max": 0.002827216,
      "times": [
        0.002044432,
        0.002096248,
        0.002045996,
        0.002089044,
        0.001964445,
        0.001896908,
        0.001686926,
        0.0019070220000000002,
        0.001719882,
        0.002014087,
        0.002088261,
        0.002331358,
        0.001921663,
        0.0019001040000000001,
        0.001929881,
        0.001790661,
        0.001706534,
        0.0018824240000000002,
        0.00213569,
        0.002827216,
        0.002443287,
        0.00234365,
        0.002160181,
        0.002235333,
        0.0022537440000000002,
        0.002280555,
        0.002599351,
        0.002701226,
        0.002343214,
        0.002124211,
        0.0021948180000000003,
        0.0019916440000000003,
        0.001970475,
        0.002112187,
        0.001882467,
        0.0019681010000000003,
        0.002085562,
        0.002385509,
        0.00207633,
        0.001918743,
        0.0018248960000000001,
        0.00180724,
        0.001817507,
        0.002019452,
        0.0021373670000000003,
        0.002288458,
        0.002134183,
        0.0019051500000000002,
        0.0017185070000000002,
        0.0016579890000000001,
        0.0016335520000000001,
        0.0019274600000000002,
        0.001949189,
        0.002237649,
        0.0021543,
        0.002210404,
        0.0021348440000000003,
        0.002195739,
        0.002169677,
        0.001960966,
        0.0019048250000000002,
        0.001856863,
        0.001828998,
        0.001873941,
        0.0019650040000000002,
        0.001834534,
        0.001822693,
        0.001849785,
        0.0021048580000000002,
        0.002125698,
        0.0018745200000000002,
        0.001849343,
        0.002206441,
        0.001784486,
        0.001972698,
        0.002034178,
        0.002083389,
        0.00221409,
        0.0019943730000000002,
        0.002097318,
        0.0017595330000000002,
        0.0019218710000000001,
        0.002040746,
        0.002061484,
        0.002017946,
        0.0020373830000000002,
        0.0017782400000000002,
        0.002102262,
        0.0023478220000000003,
        0.002567059,
        0.0018416020000000001,
        0.002507238,
        0.0019143830000000002,
        0.0019852750000000003,
        0.0019270300000000001,
        0.001925498,
        0.0016467060000000002,
        0.001886475,
        0.0017658810000000002,
        0.0017950720000000002
      ],
      "exit_codes": [
        0,
        0,
        0,
        0,
        0,
        0,
        0,
        0,
        0,
        0,
        0,
        0,
        0,
        0,
        0,
        0,
        0,
        0,
        0,
        0,
        0,
        0,
        0,
        0,
        0,
        0,
        0,
        0,
        0,
        0,
        0,
        0,
        0,
        0,
        0,
        0,
        0,
        0,
        0,
        0,
        0,
        0,
        0,
        0,
        0,
        0,
        0,
        0,
        0,
        0,
        0,
        0,
        0,
        0,
        0,
        0,
        0,
        0,
        0,
        0,
        0,
        0,
        0,
        0,
        0,
        0,
        0,
        0,
        0,
        0,
        0,
        0,
        0,
        0,
        0,
        0,
        0,
        0,
        0,
        0,
        0,
        0,
        0,
        0,
        0,
        0,
        0,
        0,
        0,
        0,
        0,
        0,
        0,
        0,
        0,
        0,
        0,
        0,
        0,
        0
      ]
    }
  ]
}
