{
  "results": [
    {
      "command": "./build/day11/day11 < inputs/day11/input.txt",
      "mean": 0.03366382682,
      "stddev": 0.0009803522143381138,
      "median": 0.033286263120000006,
      "user": 0.031651219999999994,
      "system": 0.001769096,
      "min": 0.03265570662,
      "max": 0.035800298620000004,
      "times": [
        0.03316443862,
        0.03275027062,
        0.03298745562,
        0.035785940620000005,
        0.03319059162,
        0.03360770862,
        0.03534241062,
        0.03423593062,
        0.035800298620000004,
        0.03265570662,
        0.03312484862,
        0.03459003162,
        0.03345986362,
        0.03267474162,
        0.03356472562,
        0.03304622362,
        0.033095562620000005,
        0.03311635062,
        0.033701501620000004,
        0.033381934620000005
      ],
      "exit_codes": [
        0,
        0,
        0,
        0,
        0,
        0,
        0,
        0,
        0,
        0,
        0,
        0,
        0,
        0,
        0,
        0,
        0,
        0,
        0,
        0
      ]
    }
  ]
}
