{
  "results": [
    {
      "command": "./build/day5/day5 < inputs/day5/input.txt",
      "mean": 0.6919978069599999,
      "stddev": 0.06665885255778187,
      "median": 0.66413747296,
      "user": 7.24079364,
      "system": 0.03448249,
      "min": 0.63859876596,
      "max": 0.8500787239600001,
      "times": [
        0.68622180196,
        0.64176534296,
        0.63859876596,
        0.67704882596,
        0.66439481596,
        0.64472920296,
        0.66979179796,
        0.65529818196,
        0.65830173396,
        0.65563231096,
        0.66388012996,
        0.65525155196,
        0.66906767796,
        0.66182614896,
        0.65482486696,
        0.66952746496,
        0.78572302596,
        0.8500787239600001,
        0.82035500096,
        0.81763876696
      ],
      "exit_codes": [
        0,
        0,
        0,
        0,
        0,
        0,
        0,
        0,
        0,
        0,
        0,
        0,
        0,
        0,
        0,
        0,
        0,
        0,
        0,
        0
      ]
    }
  ]
}
