{
  "results": [
    {
<<<<<<< HEAD
      "command": "./build/day9/day9 < inputs/day9/input.txt",
      "mean": 0.0016150192699999999,
      "stddev": 0.00019857241870688546,
      "median": 0.00156832272,
      "user": 0.0007668099999999998,
      "system": 0.000970064,
      "min": 0.0012341602199999998,
      "max": 0.00227825922,
      "times": [
        0.00171519222,
        0.00160706522,
        0.0015659612199999998,
        0.0017433922199999998,
        0.0014852892199999999,
        0.00156382622,
        0.0015649182199999998,
        0.00148722922,
        0.00152647722,
        0.0014833572199999998,
        0.00154203722,
        0.00162437522,
        0.00167548022,
        0.00179648022,
        0.0015706842200000001,
        0.00151641222,
        0.0012341602199999998,
        0.0015759762199999998,
        0.00174381222,
        0.00227825922
=======
      "command": "build\\day9\\day9.exe < inputs\\day9\\input.txt",
      "mean": 0.00031545200000000095,
      "stddev": 0.0005784769980924964,
      "median": 0.0,
      "user": 0.005140625,
      "system": 0.003875,
      "min": 0.0,
      "max": 0.001958680000000001,
      "times": [
        0.000050880000000003145,
        0.0,
        0.0002782800000000023,
        0.0,
        0.0,
        0.0002695800000000019,
        0.0,
        0.00040808000000000164,
        0.0006139800000000036,
        0.0,
        0.0,
        0.0,
        0.0,
        0.001958680000000001,
        0.0015773800000000032,
        0.0,
        0.0,
        0.0,
        0.0011521800000000026,
        0.0
>>>>>>> 114c7ab82a23641f8643651ad2a30e775ebeee80
      ],
      "exit_codes": [
        0,
        0,
        0,
        0,
        0,
        0,
        0,
        0,
        0,
        0,
        0,
        0,
        0,
        0,
        0,
        0,
        0,
        0,
        0,
        0
      ]
    }
  ]
}
