{
  "results": [
    {
      "command": "./build/day3/day3 < inputs/day3/input.txt",
      "mean": 0.0018077865800000003,
      "stddev": 0.00019265419583505735,
      "median": 0.0017881392800000004,
      "user": 0.00115947,
      "system": 0.0006311459999999999,
      "min": 0.0014355612800000003,
      "max": 0.0021632612800000003,
      "times": [
        0.0017658622800000002,
        0.0016959302800000002,
        0.0017098082800000003,
        0.0016359972800000003,
        0.0018094482800000006,
        0.0018139272800000005,
        0.0019291762800000005,
        0.0019394822800000004,
        0.0016493302800000002,
        0.0014355612800000003,
        0.0018823832800000002,
        0.0020680482800000005,
        0.0017668302800000002,
        0.0017538412800000005,
        0.0016618612800000003,
        0.0015112932800000005,
        0.0018143082800000003,
        0.0021632612800000003,
        0.0020804272800000003,
        0.0020689532800000003
      ],
      "exit_codes": [
        0,
        0,
        0,
        0,
        0,
        0,
        0,
        0,
        0,
        0,
        0,
        0,
        0,
        0,
        0,
        0,
        0,
        0,
        0,
        0
      ]
    }
  ]
}
