{
  "results": [
    {
      "command": "./build/day1/day1 < inputs/day1/input.txt",
      "mean": 0.0009927700200000004,
      "stddev": 0.00011417190646564327,
      "median": 0.0009822705,
      "user": 0.0004852499999999999,
      "system": 0.00040515,
      "min": 0.0007215100000000001,
      "max": 0.0016417790000000001,
      "times": [
        0.0010008390000000001,
        0.001061129,
        0.0010985090000000001,
        0.001011734,
        0.0010708970000000001,
        0.0013273660000000002,
        0.000973566,
        0.0016417790000000001,
        0.0010428050000000002,
        0.0009659670000000001,
        0.0009940390000000002,
        0.00107017,
        0.0009876190000000001,
        0.001056647,
        0.0009240330000000001,
        0.000935492,
        0.0007215100000000001,
        0.001009612,
        0.0009333280000000001,
        0.000980009,
        0.00094521,
        0.000994591,
        0.001035432,
        0.000999181,
        0.0009302690000000001,
        0.000916033,
        0.0009113950000000001,
        0.0009032420000000001,
        0.0009066850000000001,
        0.00110507,
        0.0010977200000000002,
        0.000979363,
        0.0009061820000000001,
        0.000795642,
        0.001044128,
        0.001171292,
        0.0009447940000000001,
        0.000902634,
        0.000895423,
        0.00111679,
        0.0009232950000000001,
        0.0009185020000000001,
        0.001014753,
        0.001255026,
        0.0008849270000000001,
        0.000899335,
        0.000919827,
        0.000986053,
        0.001074852,
        0.0009291010000000001,
        0.000955173,
        0.00106236,
        0.00094925,
        0.0009089040000000001,
        0.000903858,
        0.001159106,
        0.001027134,
        0.00092887,
        0.0009094530000000001,
        0.0008908750000000001,
        0.001091994,
        0.0009151980000000001,
        0.0008984720000000001,
        0.001113115,
        0.0007880000000000001,
        0.001018318,
        0.001075137,
        0.001009604,
        0.0009551080000000001,
        0.001092246,
        0.0009472590000000001,
        0.001031541,
        0.000984147,
        0.0009603360000000001,
        0.000997049,
        0.00100102,
        0.001045657,
        0.0009269170000000001,
        0.000980394,
        0.0009699600000000001,
        0.000902173,
        0.001053879,
        0.000897801,
        0.000902916,
        0.0009022090000000001,
        0.001131415,
        0.0009347880000000001,
        0.0011067100000000001,
        0.0008040390000000001,
        0.0011027130000000002,
        0.0010545720000000001,
        0.0010230290000000002,
        0.001055612,
        0.0010567880000000001,
        0.0010057520000000002,
        0.001018023,
        0.000944266,
        0.000878865,
        0.0009030650000000001,
        0.000988135
      ],
      "exit_codes": [
        0,
        0,
        0,
        0,
        0,
        0,
        0,
        0,
        0,
        0,
        0,
        0,
        0,
        0,
        0,
        0,
        0,
        0,
        0,
        0,
        0,
        0,
        0,
        0,
        0,
        0,
        0,
        0,
        0,
        0,
        0,
        0,
        0,
        0,
        0,
        0,
        0,
        0,
        0,
        0,
        0,
        0,
        0,
        0,
        0,
        0,
        0,
        0,
        0,
        0,
        0,
        0,
        0,
        0,
        0,
        0,
        0,
        0,
        0,
        0,
        0,
        0,
        0,
        0,
        0,
        0,
        0,
        0,
        0,
        0,
        0,
        0,
        0,
        0,
        0,
        0,
        0,
        0,
        0,
        0,
        0,
        0,
        0,
        0,
        0,
        0,
        0,
        0,
        0,
        0,
        0,
        0,
        0,
        0,
        0,
        0,
        0,
        0,
        0,
        0
      ]
    }
  ]
}
