{
  "results": [
    {
      "command": "./build/day3/day3 < inputs/day3/input.txt",
      "mean": 0.0010686383000000003,
      "stddev": 0.00012186713435977383,
      "median": 0.001046739,
      "user": 0.00046774999999999996,
      "system": 0.0004774499999999999,
      "min": 0.000914642,
      "max": 0.0013450600000000001,
      "times": [
        0.000981984,
        0.001007972,
        0.000934626,
        0.000972986,
        0.001174369,
        0.0010934240000000002,
        0.0013450600000000001,
        0.001202689,
        0.0012180790000000002,
        0.0009379950000000001,
        0.001098101,
        0.001256919,
        0.0011526490000000002,
        0.001077372,
        0.00095768,
        0.000955943,
        0.000914642,
        0.0009967980000000001,
        0.0010491390000000001,
        0.001044339
      ],
      "exit_codes": [
        0,
        0,
        0,
        0,
        0,
        0,
        0,
        0,
        0,
        0,
        0,
        0,
        0,
        0,
        0,
        0,
        0,
        0,
        0,
        0
      ]
    }
  ]
}
