{
  "results": [
    {
      "command": "build\\day6\\day6.exe < inputs\\day6\\input.txt",
      "mean": 0.00023724700000000033,
      "stddev": 0.0006827952317311078,
      "median": 0.0,
      "user": 0.003125,
      "system": 0.00578125,
      "min": 0.0,
      "max": 0.0024298800000000023,
      "times": [
        0.0,
        0.0019940800000000022,
        0.0024298800000000023,
        0.0,
        0.0,
        0.0,
        0.0,
        0.00032098000000000196,
        0.0,
        0.0,
        0.0,
        0.0,
        0.0,
        0.0,
        0.0,
        0.0,
        0.0,
        0.0,
        0.0,
        0.0
      ],
      "exit_codes": [
        0,
        0,
        0,
        0,
        0,
        0,
        0,
        0,
        0,
        0,
        0,
        0,
        0,
        0,
        0,
        0,
        0,
        0,
        0,
        0
      ]
    }
  ]
}
