{
  "results": [
    {
      "command": "./build/day11/day11 < inputs/day11/input.txt",
      "mean": 0.03901602518000001,
      "stddev": 0.0018761997255761283,
      "median": 0.038521575280000005,
      "user": 0.036364350000000004,
      "system": 0.0021047130000000002,
      "min": 0.03633895578,
      "max": 0.042707485780000005,
      "times": [
        0.03633895578,
        0.041440480780000004,
        0.037171842780000006,
        0.03795032478,
        0.037892565780000005,
        0.03746416678,
        0.038440262780000005,
        0.03946153578000001,
        0.03923701378,
        0.040489791780000006,
        0.039658151780000005,
        0.038602887780000004,
        0.04229570178000001,
        0.041856583780000005,
        0.037252678780000006,
        0.03838930378,
        0.037557707780000005,
        0.042707485780000005,
        0.03696687978,
        0.039146181780000004
      ],
      "exit_codes": [
        0,
        0,
        0,
        0,
        0,
        0,
        0,
        0,
        0,
        0,
        0,
        0,
        0,
        0,
        0,
        0,
        0,
        0,
        0,
        0
      ]
    }
  ]
}
