{
  "results": [
    {
      "command": "./build/day4/day4 < inputs/day4/input.txt",
      "mean": 0.0034184499300000002,
      "stddev": 0.00028699306487261377,
      "median": 0.0034043877800000004,
      "user": 0.00246199,
      "system": 0.0008708510000000001,
      "min": 0.00275862078,
      "max": 0.00401925678,
      "times": [
        0.0032883257800000003,
        0.00365755278,
        0.0033388097800000002,
        0.0034344067800000004,
        0.00319499978,
        0.00368141378,
        0.00338201578,
        0.0034060517800000006,
        0.00340272378,
        0.00351325578,
        0.0028409837800000004,
        0.00328426278,
        0.0035182317800000005,
        0.00275862078,
        0.0033889787800000003,
        0.00401925678,
        0.00334505578,
        0.00357125278,
        0.0035315877800000004,
        0.0038112117800000005
      ],
      "exit_codes": [
        0,
        0,
        0,
        0,
        0,
        0,
        0,
        0,
        0,
        0,
        0,
        0,
        0,
        0,
        0,
        0,
        0,
        0,
        0,
        0
      ]
    }
  ]
}
