{
  "results": [
    {
      "command": "./build/day6/day6 < inputs/day6/input.txt",
      "mean": 0.0010195352,
      "stddev": 0.00006634688069738986,
      "median": 0.0010095105,
      "user": 0.0005443,
      "system": 0.00038065000000000006,
      "min": 0.0009247070000000001,
      "max": 0.00117883,
      "times": [
        0.0010306970000000001,
        0.000981607,
        0.0009761450000000001,
        0.001053942,
        0.001094055,
        0.0010605340000000001,
        0.001070207,
        0.000959125,
        0.001051641,
        0.001089827,
        0.000988324,
        0.0009317520000000001,
        0.0009862830000000001,
        0.0009439320000000001,
        0.000983488,
        0.0009581370000000001,
        0.0010445200000000002,
        0.0009247070000000001,
        0.00117883,
        0.001082951
      ],
      "exit_codes": [
        0,
        0,
        0,
        0,
        0,
        0,
        0,
        0,
        0,
        0,
        0,
        0,
        0,
        0,
        0,
        0,
        0,
        0,
        0,
        0
      ]
    }
  ]
}
