{
  "results": [
    {
      "command": "./build/day4/day4 < inputs/day4/input.txt",
      "mean": 0.00362719024,
      "stddev": 0.0005370022618358129,
      "median": 0.00354161664,
      "user": 0.0024997200000000004,
      "system": 0.0008686799999999998,
      "min": 0.0029236576400000006,
      "max": 0.00571879164,
      "times": [
        0.0036670976400000003,
        0.00360976064,
        0.00371960264,
        0.0035106986399999996,
        0.00364230264,
        0.0035705606400000004,
        0.00355528564,
        0.0035143586400000005,
        0.0034799346399999997,
        0.00352794764,
        0.0034761216400000005,
        0.00571879164,
        0.0036431886400000004,
        0.0037606036400000004,
        0.0030086016400000005,
        0.0038046216400000003,
        0.0034816896399999997,
        0.0029236576400000006,
        0.0035051226400000003,
        0.0034238566400000003
      ],
      "exit_codes": [
        0,
        0,
        0,
        0,
        0,
        0,
        0,
        0,
        0,
        0,
        0,
        0,
        0,
        0,
        0,
        0,
        0,
        0,
        0,
        0
      ]
    }
  ]
}
