{
  "results": [
    {
      "command": "./build/day1/day1 < inputs/day1/input.txt",
      "mean": 0.0009716866999999998,
      "stddev": 0.00006202044592933594,
      "median": 0.0009637195,
      "user": 0.0004814,
      "system": 0.00040615,
      "min": 0.000896485,
      "max": 0.001117043,
      "times": [
        0.0009923010000000001,
        0.000927339,
        0.001004413,
        0.001000941,
        0.0009312470000000001,
        0.000928276,
        0.001047731,
        0.000994579,
        0.0008981140000000001,
        0.0009021690000000001,
        0.000896485,
        0.000959828,
        0.001117043,
        0.001070096,
        0.00104137,
        0.0009676110000000001,
        0.0009237410000000001,
        0.000903307,
        0.0009708500000000001,
        0.0009562930000000001
      ],
      "exit_codes": [
        0,
        0,
        0,
        0,
        0,
        0,
        0,
        0,
        0,
        0,
        0,
        0,
        0,
        0,
        0,
        0,
        0,
        0,
        0,
        0
      ]
    }
  ]
}
