{
  "results": [
    {
      "command": "./build/day10/day10 < inputs/day10/input.txt",
      "mean": 0.0014194675899999998,
      "stddev": 0.0000923609539066984,
      "median": 0.0014248977400000001,
      "user": 0.000850005,
      "system": 0.0007850449999999998,
      "min": 0.0012060487400000002,
      "max": 0.0015983727400000001,
      "times": [
        0.0015535457400000002,
        0.0014211357400000003,
        0.0014377357400000002,
        0.00145238874,
        0.00142865974,
        0.0013232587400000002,
        0.00131894674,
        0.0013897637400000003,
        0.0015983727400000001,
        0.00128065274,
        0.0014434577400000003,
        0.00136138474,
        0.00139526974,
        0.00145318474,
        0.0014180427400000003,
        0.00146419174,
        0.00141577174,
        0.0012060487400000002,
        0.0015083737400000002,
        0.0015191657400000001
      ],
      "exit_codes": [
        0,
        0,
        0,
        0,
        0,
        0,
        0,
        0,
        0,
        0,
        0,
        0,
        0,
        0,
        0,
        0,
        0,
        0,
        0,
        0
      ]
    }
  ]
}
