{
  "results": [
    {
<<<<<<< HEAD
      "command": "./build/day1/day1 < inputs/day1/input.txt",
      "mean": 0.0013539869900000003,
      "stddev": 0.0001196111768258763,
      "median": 0.0013505752400000003,
      "user": 0.0007768350000000002,
      "system": 0.0007309179999999999,
      "min": 0.0011070952400000001,
      "max": 0.0015614452400000002,
      "times": [
        0.0015013452400000002,
        0.0015614452400000002,
        0.0015241112400000002,
        0.0013419572400000003,
        0.0011889412400000001,
        0.0012323382400000003,
        0.0012246352400000003,
        0.0013220352400000004,
        0.00129312824,
        0.00145949724,
        0.0014359752400000003,
        0.0012664752400000003,
        0.0012669022400000002,
        0.0013591932400000002,
        0.00142861224,
        0.0011070952400000001,
        0.00140190524,
        0.0014479452400000003,
        0.0013151582400000002,
        0.0014010432400000002
=======
      "command": "build\\day1\\day1.exe < inputs\\day1\\input.txt",
      "mean": 0.0010476056000000016,
      "stddev": 0.0018011118243804866,
      "median": 0.0,
      "user": 0.0059375,
      "system": 0.003296875,
      "min": 0.0,
      "max": 0.007013214000000004,
      "times": [
        0.0012651140000000047,
        0.0,
        0.00038201400000000343,
        0.0,
        0.0,
        0.002267914000000003,
        0.007013214000000004,
        0.0,
        0.0,
        0.0,
        0.0,
        0.0,
        0.0,
        0.0,
        0.003507414000000004,
        0.0,
        0.002530614000000004,
        0.0,
        0.0013367140000000027,
        0.0026491140000000045
>>>>>>> 114c7ab82a23641f8643651ad2a30e775ebeee80
      ],
      "exit_codes": [
        0,
        0,
        0,
        0,
        0,
        0,
        0,
        0,
        0,
        0,
        0,
        0,
        0,
        0,
        0,
        0,
        0,
        0,
        0,
        0
      ]
    }
  ]
}
