{
  "results": [
    {
      "command": "./build/day10/day10 < inputs/day10/input.txt",
      "mean": 0.0015148068100000003,
      "stddev": 0.00025219151072036186,
      "median": 0.0014954648600000002,
      "user": 0.000834705,
      "system": 0.0008033100000000001,
      "min": 0.0011454133600000004,
      "max": 0.00235769736,
      "times": [
        0.00137735136,
        0.00134003236,
        0.0016079723600000003,
        0.00125039836,
        0.00235769736,
        0.0013919063600000003,
        0.0015383283600000001,
        0.00149630636,
        0.0011454133600000004,
        0.00137499736,
        0.00152232036,
        0.00146977736,
        0.00165063936,
        0.00174740336,
        0.0017450483600000002,
        0.0014946233600000003,
        0.0015842743600000004,
        0.00150931136,
        0.0012824203600000001,
        0.0014099143600000003
      ],
      "exit_codes": [
        0,
        0,
        0,
        0,
        0,
        0,
        0,
        0,
        0,
        0,
        0,
        0,
        0,
        0,
        0,
        0,
        0,
        0,
        0,
        0
      ]
    }
  ]
}
