{
  "results": [
    {
      "command": "./build/day12/day12 < inputs/day12/input.txt",
      "mean": 0.3716274975600001,
      "stddev": 0.005676962251680486,
      "median": 0.37242531696000003,
      "user": 0.36841387999999997,
      "system": 0.0015354899999999996,
      "min": 0.36316019096,
      "max": 0.37970909396,
      "times": [
        0.36622800996000004,
        0.37970909396,
        0.36679818996,
        0.37149693096,
        0.37892758396000004,
        0.36731196796000004,
        0.36856881796,
        0.36555912596,
        0.37869540096000004,
        0.37550480396,
        0.37726504596000004,
        0.36426072496,
        0.37391297396,
        0.36397297896,
        0.36855256796,
        0.37335370296000003,
        0.37870256096000005,
        0.36316019096,
        0.37472019096000003,
        0.37584908796000005
      ],
      "exit_codes": [
        0,
        0,
        0,
        0,
        0,
        0,
        0,
        0,
        0,
        0,
        0,
        0,
        0,
        0,
        0,
        0,
        0,
        0,
        0,
        0
      ]
    }
  ]
}
