{
  "results": [
    {
      "command": "./build/day12/day12 < inputs/day12/input.txt",
      "mean": 0.3955923089800001,
      "stddev": 0.009997449358364606,
      "median": 0.39668926008000005,
      "user": 0.3921168400000001,
      "system": 0.001537498,
      "min": 0.37749241708000003,
      "max": 0.42238938008000004,
      "times": [
        0.38713604408,
        0.40129617708000004,
        0.37749241708000003,
        0.39653875108000003,
        0.40482403608000006,
        0.38401783908000003,
        0.38142718008000004,
        0.38847202108000006,
        0.39395517908000005,
        0.38738123508000005,
        0.39741928608000004,
        0.39349754508000007,
        0.39397335108000003,
        0.39799895708000005,
        0.40401580208000004,
        0.39683976908000007,
        0.39855093608000003,
        0.39914020708000003,
        0.40548006608000003,
        0.42238938008000004
      ],
      "exit_codes": [
        0,
        0,
        0,
        0,
        0,
        0,
        0,
        0,
        0,
        0,
        0,
        0,
        0,
        0,
        0,
        0,
        0,
        0,
        0,
        0
      ]
    }
  ]
}
