{
  "results": [
    {
      "command": "./build/day13/day13 < inputs/day13/input.txt",
      "mean": 0.07094927146000002,
      "stddev": 0.0016978355644080162,
      "median": 0.07103153996,
      "user": 0.06943836,
      "system": 0.001088708,
      "min": 0.06811743396,
      "max": 0.07362890496,
      "times": [
        0.06997436596,
        0.06856947896,
        0.06935554896,
        0.07165149396,
        0.06811743396,
        0.07181313096,
        0.07150837896000001,
        0.07362890496,
        0.06958000596000001,
        0.07014562696,
        0.06975242296,
        0.07279278296000001,
        0.06855152696000001,
        0.07083172896,
        0.07015198196,
        0.07307340696,
        0.07266399896,
        0.07217856796000001,
        0.07341329096,
        0.07123135096000001
      ],
      "exit_codes": [
        0,
        0,
        0,
        0,
        0,
        0,
        0,
        0,
        0,
        0,
        0,
        0,
        0,
        0,
        0,
        0,
        0,
        0,
        0,
        0
      ]
    }
  ]
}
