{
  "results": [
    {
<<<<<<< HEAD
      "command": "./build/day7/day7 < inputs/day7/input.txt",
      "mean": 0.005394596419999999,
      "stddev": 0.0006427748886818448,
      "median": 0.00559574872,
      "user": 0.0039946700000000005,
      "system": 0.0013429000000000002,
      "min": 0.00421526722,
      "max": 0.00635269422,
      "times": [
        0.00635269422,
        0.00582793822,
        0.00504562422,
        0.00570273222,
        0.00476252922,
        0.00590572222,
        0.00594402922,
        0.00618193722,
        0.0061612362200000005,
        0.00488812522,
        0.00574284922,
        0.00471415122,
        0.00553883822,
        0.00421526722,
        0.00565352622,
        0.00558360522,
        0.00523948022,
        0.00438885422,
        0.00443489622,
        0.00560789222
=======
      "command": "build\\day7\\day7.exe < inputs\\day7\\input.txt",
      "mean": 0.001104520600000001,
      "stddev": 0.002840125298015611,
      "median": 0.0,
      "user": 0.004531249999999999,
      "system": 0.004,
      "min": 0.0,
      "max": 0.010138852000000004,
      "times": [
        0.010138852000000004,
        0.0,
        0.0,
        0.0,
        0.0,
        0.0,
        0.0,
        0.0,
        0.0,
        0.0,
        0.002919452000000003,
        0.0,
        0.0,
        0.008113552000000003,
        0.0,
        0.0,
        0.0,
        0.0006877520000000033,
        0.00004345200000000285,
        0.00018735200000000174
>>>>>>> 114c7ab82a23641f8643651ad2a30e775ebeee80
      ],
      "exit_codes": [
        0,
        0,
        0,
        0,
        0,
        0,
        0,
        0,
        0,
        0,
        0,
        0,
        0,
        0,
        0,
        0,
        0,
        0,
        0,
        0
      ]
    }
  ]
}
