{
  "results": [
    {
      "command": "./build/day11/day11 < inputs/day11/input.txt",
      "mean": 0.038834131630000004,
      "stddev": 0.0016938875580963784,
      "median": 0.038800324780000006,
      "user": 0.036088930000000005,
      "system": 0.0021108249999999998,
      "min": 0.03625038078000001,
      "max": 0.042712285780000005,
      "times": [
        0.03893105878000001,
        0.03790885478000001,
        0.03767832478000001,
        0.03982829578000001,
        0.039531434780000006,
        0.04226508978000001,
        0.03834452478000001,
        0.03799244378,
        0.039992154780000004,
        0.03625038078000001,
        0.03842586278000001,
        0.03893397878,
        0.03816572578000001,
        0.036336628780000005,
        0.039923086780000006,
        0.039571447780000005,
        0.042712285780000005,
        0.03629040378000001,
        0.03879317278,
        0.03880747678
      ],
      "exit_codes": [
        0,
        0,
        0,
        0,
        0,
        0,
        0,
        0,
        0,
        0,
        0,
        0,
        0,
        0,
        0,
        0,
        0,
        0,
        0,
        0
      ]
    }
  ]
}
