{
  "results": [
    {
      "command": "./build/day4/day4 < inputs/day4/input.txt",
      "mean": 0.00098099925,
      "stddev": 0.00005963794873442582,
      "median": 0.0009830404999999999,
      "user": 0.0001831,
      "system": 0.00070165,
      "min": 0.000834802,
      "max": 0.0010811710000000001,
      "times": [
        0.0009692990000000001,
        0.0010811710000000001,
        0.0010057,
        0.000856064,
        0.000834802,
        0.001013382,
        0.000974716,
        0.000986198,
        0.0010325450000000002,
        0.00103614,
        0.000972024,
        0.0009736930000000001,
        0.000979883,
        0.000997934,
        0.00105459,
        0.000912998,
        0.0009692710000000001,
        0.001001584,
        0.001015297,
        0.000952694
      ],
      "exit_codes": [
        0,
        0,
        0,
        0,
        0,
        0,
        0,
        0,
        0,
        0,
        0,
        0,
        0,
        0,
        0,
        0,
        0,
        0,
        0,
        0
      ]
    }
  ]
}
