{
  "results": [
    {
      "command": "./build/day8/day8 < inputs/day8/input.txt",
      "mean": 0.0025502102000000003,
      "stddev": 0.000358335139941809,
      "median": 0.0025646115000000002,
      "user": 0.0012158499999999999,
      "system": 0.0010589,
      "min": 0.0019650310000000003,
      "max": 0.0031609280000000003,
      "times": [
        0.002337093,
        0.002331381,
        0.002750607,
        0.0027075320000000003,
        0.0019650310000000003,
        0.002197638,
        0.002146742,
        0.0020594140000000003,
        0.0021453600000000002,
        0.0023418130000000003,
        0.002434546,
        0.002980597,
        0.0026200330000000003,
        0.00250919,
        0.002893969,
        0.0031378580000000003,
        0.0031609280000000003,
        0.002876551,
        0.0027683770000000003,
        0.002639544
      ],
      "exit_codes": [
        0,
        0,
        0,
        0,
        0,
        0,
        0,
        0,
        0,
        0,
        0,
        0,
        0,
        0,
        0,
        0,
        0,
        0,
        0,
        0
      ]
    }
  ]
}
