{
  "results": [
    {
      "command": "./build/day9/day9 < inputs/day9/input.txt",
      "mean": 0.0016150192699999999,
      "stddev": 0.00019857241870688546,
      "median": 0.00156832272,
      "user": 0.0007668099999999998,
      "system": 0.000970064,
      "min": 0.0012341602199999998,
      "max": 0.00227825922,
      "times": [
        0.00171519222,
        0.00160706522,
        0.0015659612199999998,
        0.0017433922199999998,
        0.0014852892199999999,
        0.00156382622,
        0.0015649182199999998,
        0.00148722922,
        0.00152647722,
        0.0014833572199999998,
        0.00154203722,
        0.00162437522,
        0.00167548022,
        0.00179648022,
        0.0015706842200000001,
        0.00151641222,
        0.0012341602199999998,
        0.0015759762199999998,
        0.00174381222,
        0.00227825922
      ],
      "exit_codes": [
        0,
        0,
        0,
        0,
        0,
        0,
        0,
        0,
        0,
        0,
        0,
        0,
        0,
        0,
        0,
        0,
        0,
        0,
        0,
        0
      ]
    }
  ]
}
