{
  "results": [
    {
      "command": "./build/day6/day6 < inputs/day6/input.txt",
      "mean": 0.0009805311000000002,
      "stddev": 0.00004987671648743951,
      "median": 0.000977915,
      "user": 0.0008484499999999999,
      "system": 0.0000444,
      "min": 0.000883359,
      "max": 0.001081469,
      "times": [
        0.0009883440000000002,
        0.000988002,
        0.0009427460000000001,
        0.000992891,
        0.001049692,
        0.0009503860000000001,
        0.001081469,
        0.001011428,
        0.0009236820000000001,
        0.0009678280000000001,
        0.0010466520000000001,
        0.0009278930000000001,
        0.001012095,
        0.0009590950000000001,
        0.0009232820000000001,
        0.0009661890000000001,
        0.000960523,
        0.000999124,
        0.000883359,
        0.001035942
      ],
      "exit_codes": [
        0,
        0,
        0,
        0,
        0,
        0,
        0,
        0,
        0,
        0,
        0,
        0,
        0,
        0,
        0,
        0,
        0,
        0,
        0,
        0
      ]
    }
  ]
}
