{
  "results": [
    {
      "command": "./build/day1/day1 < inputs/day1/input.txt",
      "mean": 0.0014595330000000003,
      "stddev": 0.0001240024695172173,
      "median": 0.0014592704999999999,
      "user": 0.0005937899999999999,
      "system": 0.000945758,
      "min": 0.0012956345,
      "max": 0.0018611994999999997,
      "times": [
        0.0013552094999999998,
        0.0014667775,
        0.0013894855,
        0.0014924135,
        0.0014499495,
        0.0013162815,
        0.0014556775,
        0.0014831885,
        0.0015736474999999998,
        0.0014628634999999997,
        0.0014870395,
        0.0015541445,
        0.0013537235,
        0.0018611994999999997,
        0.0015717165,
        0.0013569745000000001,
        0.0012956345,
        0.0014722734999999998,
        0.0014139635,
        0.0013784965
      ],
      "exit_codes": [
        0,
        0,
        0,
        0,
        0,
        0,
        0,
        0,
        0,
        0,
        0,
        0,
        0,
        0,
        0,
        0,
        0,
        0,
        0,
        0
      ]
    }
  ]
}
