{
  "results": [
    {
      "command": "./build/day2/day2 < inputs/day2/input.txt",
      "mean": 0.0009991454,
      "stddev": 0.00010431909063940107,
      "median": 0.001017513,
      "user": 0.00044589999999999994,
      "system": 0.00046544999999999996,
      "min": 0.0007566910000000001,
      "max": 0.001152425,
      "times": [
        0.0009444210000000001,
        0.0009315700000000001,
        0.0008379090000000001,
        0.0007566910000000001,
        0.000823537,
        0.001018845,
        0.001152425,
        0.0009877500000000001,
        0.0010287270000000001,
        0.0010161810000000001,
        0.001125954,
        0.0010422200000000002,
        0.001002017,
        0.000999602,
        0.0009476010000000001,
        0.001032638,
        0.0011254070000000001,
        0.001036571,
        0.001131746,
        0.001041096
      ],
      "exit_codes": [
        0,
        0,
        0,
        0,
        0,
        0,
        0,
        0,
        0,
        0,
        0,
        0,
        0,
        0,
        0,
        0,
        0,
        0,
        0,
        0
      ]
    }
  ]
}
