{
  "results": [
    {
      "command": "./build/day11/day11 < inputs/day11/input.txt",
      "mean": 0.03630320332,
      "stddev": 0.0015533942115989238,
      "median": 0.036392125420000004,
      "user": 0.03379395,
      "system": 0.00215066,
      "min": 0.033916561420000005,
      "max": 0.04002988542,
      "times": [
        0.04002988542,
        0.03758795442,
        0.03414570042,
        0.03669095942,
        0.03586857742,
        0.03612319642,
        0.03690302542,
        0.03726855342,
        0.03897293242,
        0.03617561442,
        0.03455992342,
        0.035705824420000004,
        0.033916561420000005,
        0.034935362420000005,
        0.03643776842,
        0.03634648242,
        0.03690975542,
        0.03404929842,
        0.03652939642,
        0.03690729442
      ],
      "exit_codes": [
        0,
        0,
        0,
        0,
        0,
        0,
        0,
        0,
        0,
        0,
        0,
        0,
        0,
        0,
        0,
        0,
        0,
        0,
        0,
        0
      ]
    }
  ]
}
