{
  "results": [
    {
      "command": "build\\day4\\day4.exe < inputs\\day4\\input.txt",
      "mean": 0.0007175389999999988,
      "stddev": 0.001727475204013983,
      "median": 0.0,
      "user": 0.003937500000000001,
      "system": 0.004656250000000001,
      "min": 0.0,
      "max": 0.005602569999999994,
      "times": [
        0.0,
        0.0,
        0.0006161699999999923,
        0.0030260699999999953,
        0.0,
        0.0,
        0.0,
        0.0,
        0.0,
        0.005105969999999994,
        0.0,
        0.0,
        0.0,
        0.0,
        0.005602569999999994,
        0.0,
        0.0,
        0.0,
        0.0,
        0.0
      ],
      "exit_codes": [
        0,
        0,
        0,
        0,
        0,
        0,
        0,
        0,
        0,
        0,
        0,
        0,
        0,
        0,
        0,
        0,
        0,
        0,
        0,
        0
      ]
    }
  ]
}
