{
  "results": [
    {
      "command": "./build/day1/day1 < inputs/day1/input.txt",
      "mean": 0.0024172217,
      "stddev": 0.000356297008060484,
      "median": 0.002339486,
      "user": 0.0011805000000000001,
      "system": 0.0008754500000000001,
      "min": 0.002055257,
      "max": 0.0036642420000000003,
      "times": [
        0.0024259010000000003,
        0.00223914,
        0.0021344840000000003,
        0.0036642420000000003,
        0.0023664180000000003,
        0.002397906,
        0.00280467,
        0.002509481,
        0.002225454,
        0.002055257,
        0.002070802,
        0.002312554,
        0.0025815720000000003,
        0.0026172640000000002,
        0.0022792700000000003,
        0.0021577140000000002,
        0.0021653550000000003,
        0.002247807,
        0.0024858320000000003,
        0.002603311
      ],
      "exit_codes": [
        0,
        0,
        0,
        0,
        0,
        0,
        0,
        0,
        0,
        0,
        0,
        0,
        0,
        0,
        0,
        0,
        0,
        0,
        0,
        0
      ]
    }
  ]
}
