{
  "results": [
    {
      "command": "./build/day6/day6 < inputs/day6/input.txt",
      "mean": 0.0012226651500000002,
      "stddev": 0.00010477072346588907,
      "median": 0.0012087914,
      "user": 0.0007338200000000002,
      "system": 0.000623434,
      "min": 0.0010795399,
      "max": 0.0015222949000000003,
      "times": [
        0.0011415339,
        0.0011499319000000002,
        0.0011496089000000002,
        0.0011410609,
        0.0015222949000000003,
        0.0012701779000000002,
        0.0013086979,
        0.0012423309000000001,
        0.0012553269,
        0.0013735669,
        0.0012132289,
        0.0010795399,
        0.0011739369000000003,
        0.0012043539,
        0.0011927849,
        0.0010798239,
        0.0011436799000000002,
        0.0013032789,
        0.0012835699,
        0.0012245749000000003
      ],
      "exit_codes": [
        0,
        0,
        0,
        0,
        0,
        0,
        0,
        0,
        0,
        0,
        0,
        0,
        0,
        0,
        0,
        0,
        0,
        0,
        0,
        0
      ]
    }
  ]
}
