{
  "results": [
    {
      "command": "./build/day4/day4 < inputs/day4/input.txt",
      "mean": 0.00098171689,
      "stddev": 0.00008991816215330573,
      "median": 0.0009622690000000001,
      "user": 0.00054441,
      "system": 0.00034292,
      "min": 0.000774341,
      "max": 0.001409648,
      "times": [
        0.001038855,
        0.0009927710000000001,
        0.0009714270000000001,
        0.0009850730000000002,
        0.000991555,
        0.000985526,
        0.000967244,
        0.0009110990000000001,
        0.0009479040000000001,
        0.0009293420000000001,
        0.0009649460000000001,
        0.0010275430000000001,
        0.001035242,
        0.0009665790000000001,
        0.000968924,
        0.0008349620000000001,
        0.000983928,
        0.000983811,
        0.0009538770000000001,
        0.0009517740000000001,
        0.000960331,
        0.0009621470000000001,
        0.000969738,
        0.000952813,
        0.000962391,
        0.0009774690000000001,
        0.001121543,
        0.001300659,
        0.001409648,
        0.0011307910000000001,
        0.0009149020000000001,
        0.001040076,
        0.0009627850000000001,
        0.0009466170000000001,
        0.0009481660000000001,
        0.0009205670000000001,
        0.0009261990000000001,
        0.001029366,
        0.001147115,
        0.000997636,
        0.0009643710000000001,
        0.000952055,
        0.000918264,
        0.000948424,
        0.0009132690000000001,
        0.000924918,
        0.0009407640000000001,
        0.000903927,
        0.0009476370000000001,
        0.000774341,
        0.0008918690000000001,
        0.0009602880000000001,
        0.000952701,
        0.0009062510000000001,
        0.000918961,
        0.001095051,
        0.000974859,
        0.00097563,
        0.0009539230000000001,
        0.0009041740000000001,
        0.000988818,
        0.0009095990000000001,
        0.001004268,
        0.001118229,
        0.001006268,
        0.000951545,
        0.000989112,
        0.000968607,
        0.000944065,
        0.000906387,
        0.0009434720000000001,
        0.0012131140000000002,
        0.000967375,
        0.0009187830000000001,
        0.0009480500000000001,
        0.0009236240000000001,
        0.0009124920000000001,
        0.000906092,
        0.001023306,
        0.001206217,
        0.00118129,
        0.0010294920000000001,
        0.001027802,
        0.0009421900000000001,
        0.0009438290000000001,
        0.0009579950000000001,
        0.0009502250000000001,
        0.001096008,
        0.000932334,
        0.001146237,
        0.000977079,
        0.0009740590000000001,
        0.0009715450000000001,
        0.000958361,
        0.0009450390000000001,
        0.000955461,
        0.0009460790000000001,
        0.000986417,
        0.0008303200000000001,
        0.000975486
      ],
      "exit_codes": [
        0,
        0,
        0,
        0,
        0,
        0,
        0,
        0,
        0,
        0,
        0,
        0,
        0,
        0,
        0,
        0,
        0,
        0,
        0,
        0,
        0,
        0,
        0,
        0,
        0,
        0,
        0,
        0,
        0,
        0,
        0,
        0,
        0,
        0,
        0,
        0,
        0,
        0,
        0,
        0,
        0,
        0,
        0,
        0,
        0,
        0,
        0,
        0,
        0,
        0,
        0,
        0,
        0,
        0,
        0,
        0,
        0,
        0,
        0,
        0,
        0,
        0,
        0,
        0,
        0,
        0,
        0,
        0,
        0,
        0,
        0,
        0,
        0,
        0,
        0,
        0,
        0,
        0,
        0,
        0,
        0,
        0,
        0,
        0,
        0,
        0,
        0,
        0,
        0,
        0,
        0,
        0,
        0,
        0,
        0,
        0,
        0,
        0,
        0,
        0
      ]
    }
  ]
}
