{
  "results": [
    {
      "command": "./build/day6/day6 < inputs/day6/input.txt",
      "mean": 0.00194086384,
      "stddev": 0.00040260747592081093,
      "median": 0.0018376050400000005,
      "user": 0.000900254,
      "system": 0.001009522,
      "min": 0.0012918060400000002,
      "max": 0.0029248150400000006,
      "times": [
        0.00251859804,
        0.0029248150400000006,
        0.0026082990400000004,
        0.00230603404,
        0.0021098460400000006,
        0.0020375920400000002,
        0.0019963640400000003,
        0.0018449400400000005,
        0.0018025330400000005,
        0.0017603790400000006,
        0.0017203480400000003,
        0.0018673930400000005,
        0.0017819530400000005,
        0.0020624300400000004,
        0.0018078670400000002,
        0.0015560240400000003,
        0.0018302700400000004,
        0.0014402570400000002,
        0.0012918060400000002,
        0.0015495280400000004
      ],
      "exit_codes": [
        0,
        0,
        0,
        0,
        0,
        0,
        0,
        0,
        0,
        0,
        0,
        0,
        0,
        0,
        0,
        0,
        0,
        0,
        0,
        0
      ]
    }
  ]
}
