{
  "results": [
    {
      "command": "./build/day6/day6 < inputs/day6/input.txt",
      "mean": 0.0015784257700000002,
      "stddev": 0.0007353038006130153,
      "median": 0.0014743173200000004,
      "user": 0.000692908,
      "system": 0.001008007,
      "min": 0.0011090598200000005,
      "max": 0.004567074820000001,
      "times": [
        0.0013915188200000006,
        0.0011090598200000005,
        0.0011269938200000004,
        0.0011590268200000003,
        0.0014814548200000003,
        0.0011893598200000003,
        0.0013326768200000003,
        0.0015643198200000004,
        0.0017340788200000006,
        0.0012100138200000004,
        0.004567074820000001,
        0.0016378898200000006,
        0.0013340698200000004,
        0.0017878628200000005,
        0.0015192468200000003,
        0.0014671798200000005,
        0.0011388048200000004,
        0.0016000248200000004,
        0.0015545698200000006,
        0.0016632888200000004
      ],
      "exit_codes": [
        0,
        0,
        0,
        0,
        0,
        0,
        0,
        0,
        0,
        0,
        0,
        0,
        0,
        0,
        0,
        0,
        0,
        0,
        0,
        0
      ]
    }
  ]
}
