{
  "results": [
    {
      "command": "./build/day2/day2 < inputs/day2/input.txt",
      "mean": 0.00137587172,
      "stddev": 0.00009920429051316811,
      "median": 0.00136709142,
      "user": 0.000636714,
      "system": 0.0008066379999999999,
      "min": 0.00122100142,
      "max": 0.0015554634200000003,
      "times": [
        0.00134657942,
        0.00133993742,
        0.0013544624200000001,
        0.0015554634200000003,
        0.00153719642,
        0.00125513942,
        0.00122100142,
        0.0014432104200000002,
        0.00145029142,
        0.0014756864200000002,
        0.00140335242,
        0.00130067642,
        0.00130899642,
        0.00137972042,
        0.00140317742,
        0.0012434294200000002,
        0.00138614442,
        0.00152259242,
        0.0012523534200000002,
        0.00133802342
      ],
      "exit_codes": [
        0,
        0,
        0,
        0,
        0,
        0,
        0,
        0,
        0,
        0,
        0,
        0,
        0,
        0,
        0,
        0,
        0,
        0,
        0,
        0
      ]
    }
  ]
}
