{
  "results": [
    {
      "command": "./build/day5/day5 < inputs/day5/input.txt",
      "mean": 0.0021293925600000003,
      "stddev": 0.0003225963610743471,
      "median": 0.0020725925,
      "user": 0.0010825999999999998,
      "system": 0.0007852499999999998,
      "min": 0.001609594,
      "max": 0.0033872650000000004,
      "times": [
        0.0020121880000000003,
        0.002075304,
        0.00198341,
        0.002308184,
        0.0024215260000000002,
        0.002330669,
        0.002458941,
        0.00284291,
        0.003210095,
        0.002583703,
        0.002127617,
        0.0020521840000000003,
        0.002036824,
        0.002069881,
        0.0021010210000000002,
        0.002163473,
        0.00298874,
        0.0023371620000000003,
        0.002470742,
        0.0020213030000000003,
        0.0033872650000000004,
        0.002226874,
        0.002093095,
        0.0024118340000000003,
        0.002432947,
        0.002640552,
        0.002358302,
        0.002194891,
        0.002483692,
        0.002434206,
        0.002134747,
        0.002005581,
        0.002068664,
        0.002069762,
        0.0022569680000000003,
        0.0021640920000000003,
        0.0021269030000000003,
        0.002102319,
        0.00205776,
        0.001953966,
        0.001823668,
        0.001774299,
        0.0017259690000000002,
        0.0016507980000000002,
        0.0018103510000000002,
        0.00176336,
        0.002180266,
        0.002090478,
        0.0023880940000000003,
        0.0021656830000000003,
        0.002163138,
        0.002254873,
        0.002030998,
        0.00215773,
        0.0021050400000000003,
        0.002123241,
        0.001995955,
        0.001609594,
        0.001965402,
        0.002138807,
        0.002005335,
        0.0016816130000000002,
        0.0018117480000000002,
        0.002101745,
        0.0017860710000000002,
        0.001886817,
        0.002013335,
        0.002008825,
        0.001902669,
        0.002033607,
        0.001991605,
        0.001976737,
        0.0022427410000000004,
        0.002442821,
        0.0021826460000000003,
        0.001959242,
        0.0017706400000000002,
        0.002116492,
        0.0020287530000000003,
        0.002025302,
        0.001796456,
        0.002012719,
        0.0020349720000000003,
        0.00201547,
        0.0021271740000000003,
        0.001985845,
        0.0018353280000000002,
        0.001674394,
        0.0019117110000000002,
        0.0018245090000000002,
        0.001775244,
        0.001796793,
        0.0017976440000000002,
        0.0018435340000000002,
        0.0019233490000000002,
        0.002137735,
        0.0022190400000000002,
        0.00227897,
        0.00327764,
        0.0025839440000000003
      ],
      "exit_codes": [
        0,
        0,
        0,
        0,
        0,
        0,
        0,
        0,
        0,
        0,
        0,
        0,
        0,
        0,
        0,
        0,
        0,
        0,
        0,
        0,
        0,
        0,
        0,
        0,
        0,
        0,
        0,
        0,
        0,
        0,
        0,
        0,
        0,
        0,
        0,
        0,
        0,
        0,
        0,
        0,
        0,
        0,
        0,
        0,
        0,
        0,
        0,
        0,
        0,
        0,
        0,
        0,
        0,
        0,
        0,
        0,
        0,
        0,
        0,
        0,
        0,
        0,
        0,
        0,
        0,
        0,
        0,
        0,
        0,
        0,
        0,
        0,
        0,
        0,
        0,
        0,
        0,
        0,
        0,
        0,
        0,
        0,
        0,
        0,
        0,
        0,
        0,
        0,
        0,
        0,
        0,
        0,
        0,
        0,
        0,
        0,
        0,
        0,
        0,
        0
      ]
    }
  ]
}
