{
  "results": [
    {
<<<<<<< HEAD
      "command": "./build/day3/day3 < inputs/day3/input.txt",
      "mean": 0.00184458644,
      "stddev": 0.00013095716407400272,
      "median": 0.0018737698399999996,
      "user": 0.000907348,
      "system": 0.00098573,
      "min": 0.0014952303399999997,
      "max": 0.00199102134,
      "times": [
        0.00165988834,
        0.0018376633399999997,
        0.0017591363399999996,
        0.0014952303399999997,
        0.00199102134,
        0.00194324134,
        0.0018718113399999996,
        0.0017094383399999997,
        0.0018757283399999996,
        0.00196517534,
        0.0019330943399999997,
        0.0018924843399999998,
        0.00178302634,
        0.00198825134,
        0.00193308234,
        0.0017543473399999998,
        0.0019744763399999997,
        0.00197322534,
        0.00181569434,
        0.0017357123399999999
=======
      "command": "build\\day3\\day3.exe < inputs\\day3\\input.txt",
      "mean": 0.0006739727999999989,
      "stddev": 0.0012241369274986556,
      "median": 0.0,
      "user": 0.0055,
      "system": 0.0037343749999999994,
      "min": 0.0,
      "max": 0.0033697079999999956,
      "times": [
        0.0,
        0.0,
        0.0,
        0.0,
        0.0,
        0.00016690799999999686,
        0.0,
        0.0,
        0.0033697079999999956,
        0.0029549079999999957,
        0.0,
        0.0,
        0.0,
        0.0,
        0.0,
        0.0004536079999999977,
        0.0008118079999999972,
        0.0025420079999999984,
        0.0,
        0.003180507999999995
>>>>>>> 114c7ab82a23641f8643651ad2a30e775ebeee80
      ],
      "exit_codes": [
        0,
        0,
        0,
        0,
        0,
        0,
        0,
        0,
        0,
        0,
        0,
        0,
        0,
        0,
        0,
        0,
        0,
        0,
        0,
        0
      ]
    }
  ]
}
