{
  "results": [
    {
      "command": "./build/day3/day3 < inputs/day3/input.txt",
      "mean": 0.0021908633900000005,
      "stddev": 0.0002456673223485306,
      "median": 0.0022134620000000002,
      "user": 0.00107851,
      "system": 0.0008496999999999999,
      "min": 0.001529893,
      "max": 0.0027622330000000002,
      "times": [
        0.001963484,
        0.002359065,
        0.0022862800000000003,
        0.0021728710000000003,
        0.002233358,
        0.002485217,
        0.002599941,
        0.002511943,
        0.002113174,
        0.002100414,
        0.001900643,
        0.0018952390000000002,
        0.002208518,
        0.0023253080000000003,
        0.002140407,
        0.0018510990000000001,
        0.001903479,
        0.001723597,
        0.002120846,
        0.002090956,
        0.002159017,
        0.0022520160000000003,
        0.00201226,
        0.0019108240000000002,
        0.002043762,
        0.002295931,
        0.001855363,
        0.0017735060000000002,
        0.002382154,
        0.0025728350000000003,
        0.0026160610000000003,
        0.002409324,
        0.002274983,
        0.0023225420000000004,
        0.00224829,
        0.002373155,
        0.0023258840000000003,
        0.0022265360000000003,
        0.001987833,
        0.002297336,
        0.002335843,
        0.002598669,
        0.0024271870000000004,
        0.002666655,
        0.0022586900000000003,
        0.002122128,
        0.0027052540000000003,
        0.0027622330000000002,
        0.0025967720000000002,
        0.002395959,
        0.0024210800000000004,
        0.002218406,
        0.00227201,
        0.002230792,
        0.002172009,
        0.0021111750000000003,
        0.002234942,
        0.0018926320000000002,
        0.002086445,
        0.0018697030000000001,
        0.002121457,
        0.002286946,
        0.0022766550000000003,
        0.002247568,
        0.0022279730000000003,
        0.002274294,
        0.002425637,
        0.002386993,
        0.0022752840000000002,
        0.0024681670000000003,
        0.0023775320000000003,
        0.002744073,
        0.002581121,
        0.0023083910000000003,
        0.002147261,
        0.0020890970000000003,
        0.0020124400000000003,
        0.002007498,
        0.0021758990000000002,
        0.001867581,
        0.0019278020000000002,
        0.0018133550000000002,
        0.0019250760000000002,
        0.0020857090000000003,
        0.002314303,
        0.002338637,
        0.002118437,
        0.001986593,
        0.0018198020000000001,
        0.0018636330000000002,
        0.001529893,
        0.0018133230000000001,
        0.002126198,
        0.0022209400000000002,
        0.0021928580000000002,
        0.0021909710000000003,
        0.002094632,
        0.0018947880000000001,
        0.0019219800000000002,
        0.0019015070000000002
      ],
      "exit_codes": [
        0,
        0,
        0,
        0,
        0,
        0,
        0,
        0,
        0,
        0,
        0,
        0,
        0,
        0,
        0,
        0,
        0,
        0,
        0,
        0,
        0,
        0,
        0,
        0,
        0,
        0,
        0,
        0,
        0,
        0,
        0,
        0,
        0,
        0,
        0,
        0,
        0,
        0,
        0,
        0,
        0,
        0,
        0,
        0,
        0,
        0,
        0,
        0,
        0,
        0,
        0,
        0,
        0,
        0,
        0,
        0,
        0,
        0,
        0,
        0,
        0,
        0,
        0,
        0,
        0,
        0,
        0,
        0,
        0,
        0,
        0,
        0,
        0,
        0,
        0,
        0,
        0,
        0,
        0,
        0,
        0,
        0,
        0,
        0,
        0,
        0,
        0,
        0,
        0,
        0,
        0,
        0,
        0,
        0,
        0,
        0,
        0,
        0,
        0,
        0
      ]
    }
  ]
}
