{
  "results": [
    {
      "command": "./build/day10/day10 < inputs/day10/input.txt",
      "mean": 0.0015249460399999997,
      "stddev": 0.0002476351666098633,
      "median": 0.00147307304,
      "user": 0.0006922519999999999,
      "system": 0.000886694,
      "min": 0.0012316870399999996,
      "max": 0.00242238504,
      "times": [
        0.0014749010399999999,
        0.00139743004,
        0.0013312380399999998,
        0.0016130150399999998,
        0.00166687604,
        0.00151921104,
        0.00140983504,
        0.00146173204,
        0.0012316870399999996,
        0.0014587640399999996,
        0.00242238504,
        0.00171399004,
        0.0015639980399999997,
        0.0013767900399999998,
        0.0015275420399999998,
        0.0015603140399999998,
        0.00163403404,
        0.00123668104,
        0.00142725204,
        0.00147124504
      ],
      "exit_codes": [
        0,
        0,
        0,
        0,
        0,
        0,
        0,
        0,
        0,
        0,
        0,
        0,
        0,
        0,
        0,
        0,
        0,
        0,
        0,
        0
      ]
    }
  ]
}
