{
  "results": [
    {
      "command": "./build/day4/day4 < inputs/day4/input.txt",
      "mean": 0.00098621415,
      "stddev": 0.000056901463270681694,
      "median": 0.000989162,
      "user": 0.0003589,
      "system": 0.00054785,
      "min": 0.0008586860000000001,
      "max": 0.0011032000000000001,
      "times": [
        0.001014146,
        0.00102986,
        0.0011032000000000001,
        0.0010040070000000001,
        0.0008586860000000001,
        0.0009624430000000001,
        0.0010110940000000001,
        0.0010082860000000002,
        0.000932449,
        0.000987355,
        0.0009752090000000001,
        0.000990969,
        0.001040834,
        0.001080818,
        0.0009653950000000001,
        0.0009535180000000001,
        0.000899749,
        0.0009328470000000001,
        0.000993762,
        0.000979656
      ],
      "exit_codes": [
        0,
        0,
        0,
        0,
        0,
        0,
        0,
        0,
        0,
        0,
        0,
        0,
        0,
        0,
        0,
        0,
        0,
        0,
        0,
        0
      ]
    }
  ]
}
