{
  "results": [
    {
      "command": "./build/day7/day7 < inputs/day7/input.txt",
      "mean": 0.005102315220000001,
      "stddev": 0.0002488614218994177,
      "median": 0.00511854892,
      "user": 0.00406513,
      "system": 0.0010312,
      "min": 0.004562173920000001,
      "max": 0.00544710992,
      "times": [
        0.004562173920000001,
        0.004987526920000001,
        0.004740053920000001,
        0.00509727192,
        0.00483826292,
        0.00490732592,
        0.005236002920000001,
        0.00494388392,
        0.00536562592,
        0.005152707920000001,
        0.005317886920000001,
        0.00512505492,
        0.00484273992,
        0.005420093920000001,
        0.00544710992,
        0.00523884492,
        0.004973130920000001,
        0.00542281192,
        0.0051120429200000005,
        0.00531575192
      ],
      "exit_codes": [
        0,
        0,
        0,
        0,
        0,
        0,
        0,
        0,
        0,
        0,
        0,
        0,
        0,
        0,
        0,
        0,
        0,
        0,
        0,
        0
      ]
    }
  ]
}
