{
  "results": [
    {
      "command": "./build/day10/day10 < inputs/day10/input.txt",
      "mean": 0.00102749525,
      "stddev": 0.00008345486265790634,
      "median": 0.0010257275,
      "user": 0.0005117499999999999,
      "system": 0.0004248,
      "min": 0.000894433,
      "max": 0.0012757010000000002,
      "times": [
        0.001023465,
        0.000894433,
        0.0010996670000000001,
        0.0010279900000000001,
        0.001017817,
        0.0009386150000000001,
        0.001087782,
        0.001047138,
        0.000933738,
        0.0009622010000000001,
        0.000996469,
        0.000930295,
        0.000999378,
        0.001086272,
        0.0009812360000000001,
        0.0012757010000000002,
        0.001042867,
        0.0010896340000000001,
        0.0010545250000000002,
        0.001060682
      ],
      "exit_codes": [
        0,
        0,
        0,
        0,
        0,
        0,
        0,
        0,
        0,
        0,
        0,
        0,
        0,
        0,
        0,
        0,
        0,
        0,
        0,
        0
      ]
    }
  ]
}
