{
  "results": [
    {
<<<<<<< HEAD
      "command": "./build/day12/day12 < inputs/day12/input.txt",
      "mean": 0.37042997175,
      "stddev": 0.0069802047795019095,
      "median": 0.36867543970000005,
      "user": 0.36769127999999995,
      "system": 0.00161923,
      "min": 0.3628667317,
      "max": 0.3964885127,
      "times": [
        0.37222468270000003,
        0.3689582497,
        0.36839262970000003,
        0.37452271270000004,
        0.3752488987,
        0.36677986570000004,
        0.3719451857,
        0.3680619067,
        0.3697916167,
        0.3704119107,
        0.3671775507,
        0.36314430670000003,
        0.36751205470000003,
        0.36716475070000004,
        0.3671834767,
        0.37058349370000004,
        0.3628667317,
        0.3735839857,
        0.3665569127,
        0.3964885127
=======
      "command": "build\\day12\\day12.exe < inputs\\day12\\input.txt",
      "mean": 0.0007317937999999989,
      "stddev": 0.0013352548968229398,
      "median": 0.0,
      "user": 0.0045,
      "system": 0.004296875,
      "min": 0.0,
      "max": 0.004515221999999996,
      "times": [
        0.00032852199999999776,
        0.0,
        0.0,
        0.0,
        0.0,
        0.0,
        0.002274621999999997,
        0.0,
        0.004515221999999996,
        0.0,
        0.0015372219999999978,
        0.0,
        0.0011130219999999982,
        0.0,
        0.0,
        0.0,
        0.0009060219999999959,
        0.0038038219999999984,
        0.0,
        0.00015742199999999734
>>>>>>> 114c7ab82a23641f8643651ad2a30e775ebeee80
      ],
      "exit_codes": [
        0,
        0,
        0,
        0,
        0,
        0,
        0,
        0,
        0,
        0,
        0,
        0,
        0,
        0,
        0,
        0,
        0,
        0,
        0,
        0
      ]
    }
  ]
}
