{
  "results": [
    {
      "command": "./build/day3/day3 < inputs/day3/input.txt",
      "mean": 0.0009950287400000003,
      "stddev": 0.00010791155358338702,
      "median": 0.0009679415000000001,
      "user": 0.00065703,
      "system": 0.00024445,
      "min": 0.000868955,
      "max": 0.001667092,
      "times": [
        0.0009301600000000001,
        0.0009552460000000001,
        0.0009201980000000001,
        0.001004293,
        0.001067779,
        0.001595981,
        0.001101428,
        0.001055216,
        0.0009867600000000002,
        0.001096671,
        0.001083358,
        0.0009713510000000001,
        0.001667092,
        0.001012483,
        0.0010029210000000002,
        0.000950903,
        0.0009552990000000001,
        0.0009491870000000001,
        0.0009456550000000001,
        0.000950463,
        0.000938084,
        0.001158137,
        0.001040544,
        0.0009680320000000001,
        0.0009264410000000001,
        0.000991926,
        0.0010411580000000001,
        0.001048059,
        0.001048363,
        0.000938798,
        0.001046527,
        0.001024216,
        0.0009818580000000002,
        0.001092523,
        0.0010217520000000001,
        0.000981751,
        0.0009488430000000001,
        0.0009458810000000001,
        0.000973986,
        0.000957713,
        0.000982313,
        0.0010141150000000001,
        0.000909885,
        0.0009523320000000001,
        0.00092677,
        0.001020007,
        0.001015249,
        0.0009343390000000001,
        0.000921963,
        0.0010846620000000001,
        0.0009886510000000001,
        0.0009584470000000001,
        0.0010006330000000001,
        0.001000119,
        0.0009395510000000001,
        0.0009734790000000001,
        0.000967851,
        0.001105501,
        0.000955283,
        0.000937,
        0.0009585380000000001,
        0.0009735490000000001,
        0.000924305,
        0.0009469840000000001,
        0.0009306020000000001,
        0.000947565,
        0.001099615,
        0.001013519,
        0.000979489,
        0.000973414,
        0.0008723050000000001,
        0.000868955,
        0.001131508,
        0.000938895,
        0.000954387,
        0.000957315,
        0.0009425840000000001,
        0.0009708920000000001,
        0.0009360670000000001,
        0.000966417,
        0.000944219,
        0.000936663,
        0.0009536680000000001,
        0.000979253,
        0.000988043,
        0.0009534190000000001,
        0.000946386,
        0.0009590520000000001,
        0.00094558,
        0.0009354430000000001,
        0.000980594,
        0.001139334,
        0.0010161900000000001,
        0.0009233720000000001,
        0.000993255,
        0.000963933,
        0.0010230900000000002,
        0.000909408,
        0.0009116380000000001,
        0.0009482430000000001
      ],
      "exit_codes": [
        0,
        0,
        0,
        0,
        0,
        0,
        0,
        0,
        0,
        0,
        0,
        0,
        0,
        0,
        0,
        0,
        0,
        0,
        0,
        0,
        0,
        0,
        0,
        0,
        0,
        0,
        0,
        0,
        0,
        0,
        0,
        0,
        0,
        0,
        0,
        0,
        0,
        0,
        0,
        0,
        0,
        0,
        0,
        0,
        0,
        0,
        0,
        0,
        0,
        0,
        0,
        0,
        0,
        0,
        0,
        0,
        0,
        0,
        0,
        0,
        0,
        0,
        0,
        0,
        0,
        0,
        0,
        0,
        0,
        0,
        0,
        0,
        0,
        0,
        0,
        0,
        0,
        0,
        0,
        0,
        0,
        0,
        0,
        0,
        0,
        0,
        0,
        0,
        0,
        0,
        0,
        0,
        0,
        0,
        0,
        0,
        0,
        0,
        0,
        0
      ]
    }
  ]
}
