{
  "results": [
    {
      "command": "./build/day6/day6 < inputs/day6/input.txt",
      "mean": 0.0009395205500000002,
      "stddev": 0.0000645667231429505,
      "median": 0.0009428100000000001,
      "user": 0.00033344999999999995,
      "system": 0.0005226499999999999,
      "min": 0.0007349500000000001,
      "max": 0.001091276,
      "times": [
        0.000925735,
        0.0009068910000000001,
        0.000941637,
        0.0009165620000000001,
        0.000927176,
        0.001018471,
        0.0009843640000000002,
        0.000909594,
        0.000943983,
        0.000955709,
        0.0007349500000000001,
        0.001091276,
        0.0009396370000000001,
        0.000954265,
        0.0009524430000000001,
        0.00095618,
        0.0009618430000000001,
        0.0009491590000000001,
        0.000908749,
        0.0009117870000000001
      ],
      "exit_codes": [
        0,
        0,
        0,
        0,
        0,
        0,
        0,
        0,
        0,
        0,
        0,
        0,
        0,
        0,
        0,
        0,
        0,
        0,
        0,
        0
      ]
    }
  ]
}
