{
  "results": [
    {
      "command": "./build/day12/day12 < inputs/day12/input.txt",
      "mean": 0.37042997175,
      "stddev": 0.0069802047795019095,
      "median": 0.36867543970000005,
      "user": 0.36769127999999995,
      "system": 0.00161923,
      "min": 0.3628667317,
      "max": 0.3964885127,
      "times": [
        0.37222468270000003,
        0.3689582497,
        0.36839262970000003,
        0.37452271270000004,
        0.3752488987,
        0.36677986570000004,
        0.3719451857,
        0.3680619067,
        0.3697916167,
        0.3704119107,
        0.3671775507,
        0.36314430670000003,
        0.36751205470000003,
        0.36716475070000004,
        0.3671834767,
        0.37058349370000004,
        0.3628667317,
        0.3735839857,
        0.3665569127,
        0.3964885127
      ],
      "exit_codes": [
        0,
        0,
        0,
        0,
        0,
        0,
        0,
        0,
        0,
        0,
        0,
        0,
        0,
        0,
        0,
        0,
        0,
        0,
        0,
        0
      ]
    }
  ]
}
