{
  "results": [
    {
      "command": "build\\day12\\day12.exe < inputs\\day12\\input.txt",
      "mean": 0.0007317937999999989,
      "stddev": 0.0013352548968229398,
      "median": 0.0,
      "user": 0.0045,
      "system": 0.004296875,
      "min": 0.0,
      "max": 0.004515221999999996,
      "times": [
        0.00032852199999999776,
        0.0,
        0.0,
        0.0,
        0.0,
        0.0,
        0.002274621999999997,
        0.0,
        0.004515221999999996,
        0.0,
        0.0015372219999999978,
        0.0,
        0.0011130219999999982,
        0.0,
        0.0,
        0.0,
        0.0009060219999999959,
        0.0038038219999999984,
        0.0,
        0.00015742199999999734
      ],
      "exit_codes": [
        0,
        0,
        0,
        0,
        0,
        0,
        0,
        0,
        0,
        0,
        0,
        0,
        0,
        0,
        0,
        0,
        0,
        0,
        0,
        0
      ]
    }
  ]
}
