{
  "results": [
    {
      "command": "./build/day8/day8 < inputs/day8/input.txt",
      "mean": 0.0010029730500000001,
      "stddev": 0.00023809968399202597,
      "median": 0.0009343625000000001,
      "user": 0.0003834,
      "system": 0.0005033,
      "min": 0.000792535,
      "max": 0.001953415,
      "times": [
        0.001088082,
        0.001953415,
        0.0008290880000000001,
        0.001153924,
        0.001073067,
        0.000959636,
        0.0009158290000000001,
        0.0009240170000000001,
        0.000925103,
        0.000950236,
        0.000938247,
        0.0009276830000000001,
        0.000792535,
        0.0009304780000000001,
        0.000907193,
        0.0009943480000000002,
        0.0009289340000000001,
        0.000914436,
        0.0009954550000000001,
        0.000957755
      ],
      "exit_codes": [
        0,
        0,
        0,
        0,
        0,
        0,
        0,
        0,
        0,
        0,
        0,
        0,
        0,
        0,
        0,
        0,
        0,
        0,
        0,
        0
      ]
    }
  ]
}
