{
  "results": [
    {
      "command": "./build/day1/day1 < inputs/day1/input.txt",
      "mean": 0.0010142082599999998,
      "stddev": 0.00007836704610307587,
      "median": 0.0009816920000000002,
      "user": 0.0004659100000000001,
      "system": 0.00045451000000000015,
      "min": 0.0009157820000000001,
      "max": 0.001239648,
      "times": [
        0.001003557,
        0.0011640230000000001,
        0.001057152,
        0.001004647,
        0.000922485,
        0.001062961,
        0.0009553230000000001,
        0.001099785,
        0.001132397,
        0.0010737300000000002,
        0.0010964780000000001,
        0.001082597,
        0.0011086170000000001,
        0.000978776,
        0.001054943,
        0.0009379470000000001,
        0.000942711,
        0.0009337560000000001,
        0.000969681,
        0.000961137,
        0.000957596,
        0.00092559,
        0.00094366,
        0.001022831,
        0.001085046,
        0.001020908,
        0.00094309,
        0.000941699,
        0.000976757,
        0.000962767,
        0.000996554,
        0.0009514590000000001,
        0.001124852,
        0.001061172,
        0.0010358330000000001,
        0.001202982,
        0.001128495,
        0.001113576,
        0.001065827,
        0.001099619,
        0.0009794600000000001,
        0.000929131,
        0.0009634950000000001,
        0.0009461370000000001,
        0.0009404340000000001,
        0.0009485440000000001,
        0.000940058,
        0.0010689710000000002,
        0.0011556560000000001,
        0.0009780890000000001,
        0.0010065,
        0.0010864100000000001,
        0.001239648,
        0.0009703750000000001,
        0.001029287,
        0.000966164,
        0.0011034900000000002,
        0.00098277,
        0.0009157820000000001,
        0.0009251180000000001,
        0.0009318140000000001,
        0.000921576,
        0.0009223120000000001,
        0.0011223420000000001,
        0.000980614,
        0.000955138,
        0.001042352,
        0.001145359,
        0.0009735960000000001,
        0.000954913,
        0.001100964,
        0.001072037,
        0.0010739710000000002,
        0.0009767880000000001,
        0.0009893360000000002,
        0.0009712280000000001,
        0.000967024,
        0.0009290530000000001,
        0.000933807,
        0.0009666290000000001,
        0.0010966790000000001,
        0.00093513,
        0.0009191970000000001,
        0.000923712,
        0.000917543,
        0.001158223,
        0.001027132,
        0.00111056,
        0.001054664,
        0.0010357650000000001,
        0.001114531,
        0.000930302,
        0.0010950760000000002,
        0.001085496,
        0.000931044,
        0.001070409,
        0.001088428,
        0.0009319570000000001,
        0.000929081,
        0.000956509
      ],
      "exit_codes": [
        0,
        0,
        0,
        0,
        0,
        0,
        0,
        0,
        0,
        0,
        0,
        0,
        0,
        0,
        0,
        0,
        0,
        0,
        0,
        0,
        0,
        0,
        0,
        0,
        0,
        0,
        0,
        0,
        0,
        0,
        0,
        0,
        0,
        0,
        0,
        0,
        0,
        0,
        0,
        0,
        0,
        0,
        0,
        0,
        0,
        0,
        0,
        0,
        0,
        0,
        0,
        0,
        0,
        0,
        0,
        0,
        0,
        0,
        0,
        0,
        0,
        0,
        0,
        0,
        0,
        0,
        0,
        0,
        0,
        0,
        0,
        0,
        0,
        0,
        0,
        0,
        0,
        0,
        0,
        0,
        0,
        0,
        0,
        0,
        0,
        0,
        0,
        0,
        0,
        0,
        0,
        0,
        0,
        0,
        0,
        0,
        0,
        0,
        0,
        0
      ]
    }
  ]
}
