{
  "results": [
    {
      "command": "./build/day3/day3 < inputs/day3/input.txt",
      "mean": 0.0009786350500000003,
      "stddev": 0.00008867083793593318,
      "median": 0.000983424,
      "user": 0.0005221,
      "system": 0.0003447,
      "min": 0.0007999420000000001,
      "max": 0.001159421,
      "times": [
        0.00098547,
        0.000922335,
        0.0007999420000000001,
        0.0008157910000000001,
        0.001159421,
        0.001058403,
        0.000999522,
        0.001039655,
        0.000932567,
        0.000977702,
        0.000981378,
        0.0009501790000000001,
        0.0009596320000000001,
        0.00105786,
        0.0010063070000000001,
        0.0009949450000000001,
        0.00097391,
        0.001108744,
        0.0009989250000000001,
        0.000850013
      ],
      "exit_codes": [
        0,
        0,
        0,
        0,
        0,
        0,
        0,
        0,
        0,
        0,
        0,
        0,
        0,
        0,
        0,
        0,
        0,
        0,
        0,
        0
      ]
    }
  ]
}
