{
  "results": [
    {
<<<<<<< HEAD
      "command": "./build/day5/day5 < inputs/day5/input.txt",
      "mean": 0.6919978069599999,
      "stddev": 0.06665885255778187,
      "median": 0.66413747296,
      "user": 7.24079364,
      "system": 0.03448249,
      "min": 0.63859876596,
      "max": 0.8500787239600001,
      "times": [
        0.68622180196,
        0.64176534296,
        0.63859876596,
        0.67704882596,
        0.66439481596,
        0.64472920296,
        0.66979179796,
        0.65529818196,
        0.65830173396,
        0.65563231096,
        0.66388012996,
        0.65525155196,
        0.66906767796,
        0.66182614896,
        0.65482486696,
        0.66952746496,
        0.78572302596,
        0.8500787239600001,
        0.82035500096,
        0.81763876696
=======
      "command": "build\\day5\\day5.exe < inputs\\day5\\input.txt",
      "mean": 0.0003339424999999988,
      "stddev": 0.0008062203920430507,
      "median": 0.0,
      "user": 0.0025156249999999996,
      "system": 0.0035000000000000005,
      "min": 0.0,
      "max": 0.0029419099999999955,
      "times": [
        0.0003356099999999966,
        0.0,
        0.0029419099999999955,
        0.0,
        0.0,
        0.0,
        0.0022404099999999948,
        0.0,
        0.0,
        0.0,
        0.0,
        0.0,
        0.0,
        0.0,
        0.0,
        0.0,
        0.00033610999999999364,
        0.0008248099999999953,
        0.0,
        0.0
>>>>>>> 114c7ab82a23641f8643651ad2a30e775ebeee80
      ],
      "exit_codes": [
        0,
        0,
        0,
        0,
        0,
        0,
        0,
        0,
        0,
        0,
        0,
        0,
        0,
        0,
        0,
        0,
        0,
        0,
        0,
        0
      ]
    }
  ]
}
