{
  "results": [
    {
      "command": "build\\day3\\day3.exe < inputs\\day3\\input.txt",
      "mean": 0.0006739727999999989,
      "stddev": 0.0012241369274986556,
      "median": 0.0,
      "user": 0.0055,
      "system": 0.0037343749999999994,
      "min": 0.0,
      "max": 0.0033697079999999956,
      "times": [
        0.0,
        0.0,
        0.0,
        0.0,
        0.0,
        0.00016690799999999686,
        0.0,
        0.0,
        0.0033697079999999956,
        0.0029549079999999957,
        0.0,
        0.0,
        0.0,
        0.0,
        0.0,
        0.0004536079999999977,
        0.0008118079999999972,
        0.0025420079999999984,
        0.0,
        0.003180507999999995
      ],
      "exit_codes": [
        0,
        0,
        0,
        0,
        0,
        0,
        0,
        0,
        0,
        0,
        0,
        0,
        0,
        0,
        0,
        0,
        0,
        0,
        0,
        0
      ]
    }
  ]
}
