{
  "results": [
    {
      "command": "build\\day9\\day9.exe < inputs\\day9\\input.txt",
      "mean": 0.00031545200000000095,
      "stddev": 0.0005784769980924964,
      "median": 0.0,
      "user": 0.005140625,
      "system": 0.003875,
      "min": 0.0,
      "max": 0.001958680000000001,
      "times": [
        0.000050880000000003145,
        0.0,
        0.0002782800000000023,
        0.0,
        0.0,
        0.0002695800000000019,
        0.0,
        0.00040808000000000164,
        0.0006139800000000036,
        0.0,
        0.0,
        0.0,
        0.0,
        0.001958680000000001,
        0.0015773800000000032,
        0.0,
        0.0,
        0.0,
        0.0011521800000000026,
        0.0
      ],
      "exit_codes": [
        0,
        0,
        0,
        0,
        0,
        0,
        0,
        0,
        0,
        0,
        0,
        0,
        0,
        0,
        0,
        0,
        0,
        0,
        0,
        0
      ]
    }
  ]
}
