{
  "results": [
    {
      "command": "./build/day5/day5 < inputs/day5/input.txt",
      "mean": 0.6927387518900001,
      "stddev": 0.041068403445544834,
      "median": 0.6811743105400001,
      "user": 7.008791009999999,
      "system": 0.034552859999999984,
      "min": 0.6567770620400001,
      "max": 0.81697889304,
      "times": [
        0.6804370390400001,
        0.6711323040400001,
        0.6649562310400001,
        0.7768647740400001,
        0.7027526900400001,
        0.7065232140400001,
        0.7369104440400001,
        0.67615888704,
        0.66180717304,
        0.69138455604,
        0.6819115820400001,
        0.6643058410400001,
        0.81697889304,
        0.6905564920400001,
        0.6960323330400001,
        0.6639653360400001,
        0.6635207120400001,
        0.68550925504,
        0.6567770620400001,
        0.6662902190400001
      ],
      "exit_codes": [
        0,
        0,
        0,
        0,
        0,
        0,
        0,
        0,
        0,
        0,
        0,
        0,
        0,
        0,
        0,
        0,
        0,
        0,
        0,
        0
      ]
    }
  ]
}
