{
  "results": [
    {
      "command": "./build/day2/day2 < inputs/day2/input.txt",
      "mean": 0.00132716641,
      "stddev": 0.00009415907102193157,
      "median": 0.0013089587600000003,
      "user": 0.0008755459999999999,
      "system": 0.0006238099999999999,
      "min": 0.0012013502600000002,
      "max": 0.00150187126,
      "times": [
        0.0013722522600000003,
        0.0012182652600000003,
        0.00139428626,
        0.0013814162600000002,
        0.00126936426,
        0.00150187126,
        0.00135202126,
        0.0012994712600000002,
        0.0012013502600000002,
        0.00128916426,
        0.0014733132600000002,
        0.0014991162600000003,
        0.00136655626,
        0.00127161626,
        0.00125765126,
        0.0012018542600000003,
        0.0013184462600000003,
        0.0013848122600000003,
        0.0012741682600000003,
        0.00121633126
      ],
      "exit_codes": [
        0,
        0,
        0,
        0,
        0,
        0,
        0,
        0,
        0,
        0,
        0,
        0,
        0,
        0,
        0,
        0,
        0,
        0,
        0,
        0
      ]
    }
  ]
}
