{
  "results": [
    {
      "command": "./build/day7/day7 < inputs/day7/input.txt",
      "mean": 0.0009807071,
      "stddev": 0.000055050695860509497,
      "median": 0.0009659380000000001,
      "user": 0.00022424999999999998,
      "system": 0.0006843,
      "min": 0.000903343,
      "max": 0.0010749330000000001,
      "times": [
        0.001028566,
        0.0009712570000000001,
        0.000927401,
        0.000960619,
        0.000938013,
        0.0009796800000000001,
        0.0010749330000000001,
        0.001034723,
        0.000940225,
        0.0009073470000000001,
        0.0009513190000000001,
        0.000903343,
        0.000914435,
        0.0010715170000000001,
        0.0009546530000000001,
        0.001038897,
        0.0009522420000000001,
        0.0009859550000000002,
        0.001041787,
        0.00103723
      ],
      "exit_codes": [
        0,
        0,
        0,
        0,
        0,
        0,
        0,
        0,
        0,
        0,
        0,
        0,
        0,
        0,
        0,
        0,
        0,
        0,
        0,
        0
      ]
    }
  ]
}
