{
  "results": [
    {
      "command": "./build/day9/day9 < inputs/day9/input.txt",
      "mean": 0.0016417275800000007,
      "stddev": 0.0002075271692856017,
      "median": 0.0015861297800000003,
      "user": 0.0010922259999999997,
      "system": 0.0006075,
      "min": 0.00146132228,
      "max": 0.0024030802800000008,
      "times": [
        0.0017144992800000004,
        0.0018989442800000005,
        0.0017304382800000003,
        0.0015237062800000005,
        0.0016696112800000005,
        0.0024030802800000008,
        0.0015227922800000002,
        0.0015897142800000003,
        0.0016061742800000005,
        0.0016252332800000002,
        0.00146132228,
        0.0014804352800000004,
        0.0014913942800000005,
        0.0016513172800000002,
        0.0017012222800000005,
        0.0015628162800000003,
        0.0015563402800000002,
        0.0015825452800000003,
        0.00153796928,
        0.0015249952800000003
      ],
      "exit_codes": [
        0,
        0,
        0,
        0,
        0,
        0,
        0,
        0,
        0,
        0,
        0,
        0,
        0,
        0,
        0,
        0,
        0,
        0,
        0,
        0
      ]
    }
  ]
}
