{
  "results": [
    {
      "command": "./build/day1/day1 < inputs/day1/input.txt",
      "mean": 0.0016606539400000001,
      "stddev": 0.00030665552586276417,
      "median": 0.0016450411400000004,
      "user": 0.0007879780000000002,
      "system": 0.0009048899999999999,
      "min": 0.0012345231400000003,
      "max": 0.0023383401400000003,
      "times": [
        0.0023383401400000003,
        0.0018626081400000003,
        0.0017178621400000004,
        0.0014507541400000002,
        0.0013866611400000003,
        0.0016021831400000004,
        0.0013740961400000003,
        0.0013380811400000004,
        0.00205089714,
        0.0016878991400000004,
        0.0014015021400000005,
        0.0012858481400000003,
        0.0020868621400000004,
        0.0014377081400000005,
        0.0012345231400000003,
        0.0020361531400000005,
        0.0018824551400000002,
        0.0017006131400000004,
        0.0016014451400000003,
        0.0017365861400000003
      ],
      "exit_codes": [
        0,
        0,
        0,
        0,
        0,
        0,
        0,
        0,
        0,
        0,
        0,
        0,
        0,
        0,
        0,
        0,
        0,
        0,
        0,
        0
      ]
    }
  ]
}
