{
  "results": [
    {
      "command": "./build/day7/day7 < inputs/day7/input.txt",
      "mean": 0.00483698462,
      "stddev": 0.0004110507386396478,
      "median": 0.00482198122,
      "user": 0.003530769999999999,
      "system": 0.0011705,
      "min": 0.0040428257200000005,
      "max": 0.006010938720000001,
      "times": [
        0.00429716072,
        0.00458024672,
        0.00494633272,
        0.00472151172,
        0.0040428257200000005,
        0.00464315872,
        0.004334354720000001,
        0.00494377872,
        0.00458567572,
        0.00508694772,
        0.00496772572,
        0.004815853720000001,
        0.0053060767200000004,
        0.006010938720000001,
        0.00482810872,
        0.005055722720000001,
        0.00500216872,
        0.00481340272,
        0.004685573720000001,
        0.00507212772
      ],
      "exit_codes": [
        0,
        0,
        0,
        0,
        0,
        0,
        0,
        0,
        0,
        0,
        0,
        0,
        0,
        0,
        0,
        0,
        0,
        0,
        0,
        0
      ]
    }
  ]
}
