{
  "results": [
    {
      "command": "./build/day3/day3 < inputs/day3/input.txt",
      "mean": 0.00217901695,
      "stddev": 0.00029979701815842266,
      "median": 0.0021203475000000005,
      "user": 0.000996,
      "system": 0.0009377999999999999,
      "min": 0.0017836080000000001,
      "max": 0.0029328740000000002,
      "times": [
        0.002174447,
        0.0021316440000000002,
        0.0018015910000000002,
        0.0018230780000000001,
        0.002069774,
        0.002472044,
        0.00254193,
        0.002105142,
        0.001967852,
        0.0017836080000000001,
        0.001836675,
        0.002207002,
        0.0025420900000000003,
        0.0029328740000000002,
        0.002534527,
        0.0022756340000000003,
        0.0020645,
        0.0021090510000000002,
        0.002195953,
        0.002010923
      ],
      "exit_codes": [
        0,
        0,
        0,
        0,
        0,
        0,
        0,
        0,
        0,
        0,
        0,
        0,
        0,
        0,
        0,
        0,
        0,
        0,
        0,
        0
      ]
    }
  ]
}
