{
  "results": [
    {
      "command": "./build/day7/day7 < inputs/day7/input.txt",
      "mean": 0.00440683231,
      "stddev": 0.0005254523805704422,
      "median": 0.00448283906,
      "user": 0.00358049,
      "system": 0.0007797879999999999,
      "min": 0.00362446006,
      "max": 0.00528209006,
      "times": [
        0.00473020006,
        0.00362446006,
        0.004838742060000001,
        0.003931701060000001,
        0.0047686900600000005,
        0.0041674560600000006,
        0.004968226060000001,
        0.003852068060000001,
        0.00371996206,
        0.00528209006,
        0.004298235060000001,
        0.00380484506,
        0.00466744306,
        0.0052487830600000005,
        0.0038961510600000002,
        0.00403492406,
        0.00403917106,
        0.004866571060000001,
        0.004674218060000001,
        0.00472270906
      ],
      "exit_codes": [
        0,
        0,
        0,
        0,
        0,
        0,
        0,
        0,
        0,
        0,
        0,
        0,
        0,
        0,
        0,
        0,
        0,
        0,
        0,
        0
      ]
    }
  ]
}
