{
  "results": [
    {
      "command": "./build/day2/day2 < inputs/day2/input.txt",
      "mean": 0.0013213711800000004,
      "stddev": 0.0002381085372101953,
      "median": 0.0012540289800000001,
      "user": 0.00039806499999999996,
      "system": 0.0009669500000000003,
      "min": 0.0010060409800000001,
      "max": 0.00213813698,
      "times": [
        0.0014851889800000001,
        0.00213813698,
        0.0013614319800000002,
        0.0014511059800000003,
        0.0016401719800000002,
        0.0013749689800000003,
        0.0010060409800000001,
        0.0012370429800000003,
        0.0012713549800000001,
        0.0011604249800000002,
        0.0012253029800000001,
        0.0011403349799999998,
        0.00127101498,
        0.0012119039800000003,
        0.00122299798,
        0.0011967139800000003,
        0.00113661798,
        0.0012335049800000003,
        0.00130346198,
        0.0013597009800000001
      ],
      "exit_codes": [
        0,
        0,
        0,
        0,
        0,
        0,
        0,
        0,
        0,
        0,
        0,
        0,
        0,
        0,
        0,
        0,
        0,
        0,
        0,
        0
      ]
    }
  ]
}
