{
  "results": [
    {
      "command": "./build/day1/day1 < inputs/day1/input.txt",
      "mean": 0.00218191779,
      "stddev": 0.00034935107263464306,
      "median": 0.0021238050000000003,
      "user": 0.00099667,
      "system": 0.00092503,
      "min": 0.0015762390000000001,
      "max": 0.00338073,
      "times": [
        0.0015762390000000001,
        0.0017162470000000002,
        0.0017338310000000001,
        0.0019812930000000003,
        0.001996382,
        0.0024121950000000002,
        0.001944177,
        0.00213195,
        0.002257298,
        0.002578358,
        0.002581589,
        0.0030825490000000004,
        0.002312881,
        0.0021353170000000003,
        0.00338073,
        0.002461851,
        0.002520411,
        0.002218129,
        0.0020748290000000003,
        0.002255729,
        0.002221237,
        0.003379426,
        0.00277142,
        0.002796335,
        0.002658868,
        0.002464963,
        0.0020861200000000003,
        0.0022412490000000003,
        0.0026448970000000002,
        0.0029913690000000002,
        0.002669475,
        0.0021309330000000002,
        0.002144757,
        0.0020611040000000002,
        0.003137499,
        0.0022314070000000004,
        0.0022827050000000003,
        0.002006597,
        0.002272544,
        0.0022096900000000003,
        0.002231303,
        0.002324758,
        0.002191535,
        0.0019747470000000002,
        0.002116677,
        0.002521966,
        0.0024544970000000004,
        0.002306287,
        0.0022342850000000004,
        0.002047498,
        0.002137781,
        0.002184793,
        0.0021424160000000003,
        0.0019654760000000003,
        0.002278796,
        0.001991267,
        0.002027533,
        0.0020744920000000003,
        0.0022832570000000003,
        0.0020453240000000003,
        0.0018627860000000002,
        0.0023401200000000002,
        0.0019681340000000003,
        0.002004266,
        0.001790359,
        0.001941994,
        0.0018857650000000002,
        0.0015925330000000001,
        0.001831909,
        0.002096908,
        0.002171858,
        0.0023951000000000003,
        0.0020756340000000002,
        0.0019209600000000002,
        0.001942153,
        0.0019017830000000002,
        0.001854598,
        0.002405183,
        0.0020588060000000003,
        0.002035362,
        0.002005928,
        0.002052686,
        0.0018913760000000002,
        0.00201889,
        0.002030425,
        0.0022035310000000003,
        0.002038966,
        0.0018586170000000001,
        0.0017016630000000002,
        0.00170699,
        0.0017842270000000002,
        0.0018095750000000001,
        0.0017764410000000001,
        0.002750395,
        0.002225744,
        0.0022661490000000003,
        0.002061989,
        0.0019209110000000002,
        0.0018881430000000001,
        0.001833654
      ],
      "exit_codes": [
        0,
        0,
        0,
        0,
        0,
        0,
        0,
        0,
        0,
        0,
        0,
        0,
        0,
        0,
        0,
        0,
        0,
        0,
        0,
        0,
        0,
        0,
        0,
        0,
        0,
        0,
        0,
        0,
        0,
        0,
        0,
        0,
        0,
        0,
        0,
        0,
        0,
        0,
        0,
        0,
        0,
        0,
        0,
        0,
        0,
        0,
        0,
        0,
        0,
        0,
        0,
        0,
        0,
        0,
        0,
        0,
        0,
        0,
        0,
        0,
        0,
        0,
        0,
        0,
        0,
        0,
        0,
        0,
        0,
        0,
        0,
        0,
        0,
        0,
        0,
        0,
        0,
        0,
        0,
        0,
        0,
        0,
        0,
        0,
        0,
        0,
        0,
        0,
        0,
        0,
        0,
        0,
        0,
        0,
        0,
        0,
        0,
        0,
        0,
        0
      ]
    }
  ]
}
