{
  "results": [
    {
      "command": "./build/day1/day1 < inputs/day1/input.txt",
      "mean": 0.00133497406,
      "stddev": 0.00010846155639012573,
      "median": 0.00133098966,
      "user": 0.0006880099999999999,
      "system": 0.0007638200000000001,
      "min": 0.00118658066,
      "max": 0.0015679416600000002,
      "times": [
        0.0015679416600000002,
        0.00143652166,
        0.00118658066,
        0.0012935956600000002,
        0.0012474276600000001,
        0.0012339366600000001,
        0.00129799266,
        0.0013658866600000001,
        0.00134095566,
        0.0014641376599999999,
        0.00133712266,
        0.0013252146599999999,
        0.00126040166,
        0.0014049786600000003,
        0.00141737266,
        0.0013367646600000002,
        0.00122604866,
        0.0011925776600000002,
        0.00123308266,
        0.0015309406600000001
      ],
      "exit_codes": [
        0,
        0,
        0,
        0,
        0,
        0,
        0,
        0,
        0,
        0,
        0,
        0,
        0,
        0,
        0,
        0,
        0,
        0,
        0,
        0
      ]
    }
  ]
}
