{
  "results": [
    {
      "command": "./build/day13/day13 < inputs/day13/input.txt",
      "mean": 0.07968402606000001,
      "stddev": 0.002538585151581801,
      "median": 0.07920604226,
      "user": 0.07736090999999998,
      "system": 0.0014956720000000002,
      "min": 0.07659716876,
      "max": 0.08756787176000001,
      "times": [
        0.08756787176000001,
        0.07698773176000001,
        0.07905987976000001,
        0.08150145676000001,
        0.07783982376000001,
        0.07746873376,
        0.07927985076,
        0.07851946776,
        0.07931949376000001,
        0.08092271976000001,
        0.08380727976,
        0.07659716876,
        0.08023965876000001,
        0.07913223376,
        0.08142538376000001,
        0.07936169776,
        0.07896153576,
        0.07953188276,
        0.07904004576000001,
        0.07711660476000001
      ],
      "exit_codes": [
        0,
        0,
        0,
        0,
        0,
        0,
        0,
        0,
        0,
        0,
        0,
        0,
        0,
        0,
        0,
        0,
        0,
        0,
        0,
        0
      ]
    }
  ]
}
