{
  "results": [
    {
      "command": "./build/day12/day12 < inputs/day12/input.txt",
      "mean": 0.39264278606,
      "stddev": 0.004350141682794796,
      "median": 0.39262049676,
      "user": 0.39005705000000007,
      "system": 0.0010331659999999996,
      "min": 0.38611044526,
      "max": 0.39993652226,
      "times": [
        0.39745574126,
        0.39445021626,
        0.39524509626,
        0.38791144326,
        0.38674243926,
        0.39431375926,
        0.39993652226,
        0.39803954926,
        0.39111738526,
        0.39920460426,
        0.39771382326,
        0.38913571126,
        0.39289794226,
        0.39068540626,
        0.38991572926,
        0.38931193326,
        0.38676102226000003,
        0.38611044526,
        0.39356390026,
        0.39234305126
      ],
      "exit_codes": [
        0,
        0,
        0,
        0,
        0,
        0,
        0,
        0,
        0,
        0,
        0,
        0,
        0,
        0,
        0,
        0,
        0,
        0,
        0,
        0
      ]
    }
  ]
}
