{
  "results": [
    {
      "command": "./build/day4/day4 < inputs/day4/input.txt",
      "mean": 0.003402448360000001,
      "stddev": 0.00042426675483540823,
      "median": 0.0033795139600000003,
      "user": 0.0022520499999999994,
      "system": 0.0010528299999999998,
      "min": 0.0027178229600000004,
      "max": 0.00454502196,
      "times": [
        0.00391501196,
        0.00358312996,
        0.0027178229600000004,
        0.00355049396,
        0.00343889096,
        0.0033201369600000005,
        0.0029739409600000005,
        0.0035200099600000002,
        0.0036609719600000008,
        0.0032851229600000006,
        0.00383841496,
        0.00454502196,
        0.0032010199600000003,
        0.00319196696,
        0.0036250849600000007,
        0.00279820696,
        0.00315111496,
        0.0036164889600000002,
        0.00311559196,
        0.0030005229600000003
      ],
      "exit_codes": [
        0,
        0,
        0,
        0,
        0,
        0,
        0,
        0,
        0,
        0,
        0,
        0,
        0,
        0,
        0,
        0,
        0,
        0,
        0,
        0
      ]
    }
  ]
}
