{
  "results": [
    {
      "command": "./build/day11/day11 < inputs/day11/input.txt",
      "mean": 0.034216191330000006,
      "stddev": 0.0014926594836544701,
      "median": 0.03377561038,
      "user": 0.031698420000000005,
      "system": 0.00222251,
      "min": 0.031647172380000005,
      "max": 0.03702916338000001,
      "times": [
        0.035408964380000005,
        0.03702916338000001,
        0.035618873380000006,
        0.035300840380000004,
        0.036117661380000006,
        0.031647172380000005,
        0.03594978738,
        0.03469580338,
        0.032856690380000005,
        0.033013853380000006,
        0.03280977638,
        0.03578456238,
        0.035318004380000004,
        0.03318824838000001,
        0.032871900380000006,
        0.03311574238000001,
        0.03404324638,
        0.03350797438000001,
        0.03299170238,
        0.03305385938
      ],
      "exit_codes": [
        0,
        0,
        0,
        0,
        0,
        0,
        0,
        0,
        0,
        0,
        0,
        0,
        0,
        0,
        0,
        0,
        0,
        0,
        0,
        0
      ]
    }
  ]
}
