{
  "results": [
    {
      "command": "./build/day8/day8 < inputs/day8/input.txt",
      "mean": 0.0013217377799999998,
      "stddev": 0.00010589008845401911,
      "median": 0.0013256460799999999,
      "user": 0.000814434,
      "system": 0.0007332120000000001,
      "min": 0.00113009758,
      "max": 0.0015081455799999996,
      "times": [
        0.00149208558,
        0.0015081455799999996,
        0.0013580265799999999,
        0.00123948758,
        0.0013955065799999998,
        0.00120692558,
        0.00133013558,
        0.0014701035799999998,
        0.0012851615799999998,
        0.00136212058,
        0.0013305245799999999,
        0.0014421635799999996,
        0.00123760158,
        0.0012628535799999998,
        0.0013618655799999997,
        0.0013211565799999998,
        0.0012679925799999998,
        0.00113009758,
        0.0011494105799999999,
        0.00128339058
      ],
      "exit_codes": [
        0,
        0,
        0,
        0,
        0,
        0,
        0,
        0,
        0,
        0,
        0,
        0,
        0,
        0,
        0,
        0,
        0,
        0,
        0,
        0
      ]
    }
  ]
}
