{
  "results": [
    {
      "command": "./build/day3/day3 < inputs/day3/input.txt",
      "mean": 0.0018952545499999998,
      "stddev": 0.00015344530031247892,
      "median": 0.0018935522999999998,
      "user": 0.0010002599999999998,
      "system": 0.0008260199999999999,
      "min": 0.0016823918,
      "max": 0.0023362548,
      "times": [
        0.0017493278,
        0.0016896657999999998,
        0.0018567098,
        0.0020676768,
        0.0021385638,
        0.0023362548,
        0.0019115857999999998,
        0.0019267978,
        0.0017980608,
        0.0018420787999999999,
        0.0018978187999999997,
        0.0016823918,
        0.0018892858,
        0.0019909617999999997,
        0.0019001297999999998,
        0.0017735187999999998,
        0.0019117378,
        0.0019242278,
        0.0018030258,
        0.0018152707999999997
      ],
      "exit_codes": [
        0,
        0,
        0,
        0,
        0,
        0,
        0,
        0,
        0,
        0,
        0,
        0,
        0,
        0,
        0,
        0,
        0,
        0,
        0,
        0
      ]
    }
  ]
}
