{
  "results": [
    {
      "command": "./build/day6/day6 < inputs/day6/input.txt",
      "mean": 0.0011925286799999999,
      "stddev": 0.00015269102438185083,
      "median": 0.0011876705800000001,
      "user": 0.000721422,
      "system": 0.00072903,
      "min": 0.0009249580799999999,
      "max": 0.0016207800800000002,
      "times": [
        0.0010374160799999999,
        0.0009866950799999998,
        0.0010347450799999998,
        0.0009249580799999999,
        0.00113614408,
        0.00134911208,
        0.0016207800800000002,
        0.00126646708,
        0.00118787208,
        0.00112511108,
        0.0011874690800000001,
        0.00111977208,
        0.0012329310800000002,
        0.0011217910800000001,
        0.00131138508,
        0.0013562230799999998,
        0.0012620560799999998,
        0.00122114508,
        0.0011728310800000002,
        0.00119566908
      ],
      "exit_codes": [
        0,
        0,
        0,
        0,
        0,
        0,
        0,
        0,
        0,
        0,
        0,
        0,
        0,
        0,
        0,
        0,
        0,
        0,
        0,
        0
      ]
    }
  ]
}
