{
  "results": [
    {
      "command": "./build/day2/day2 < inputs/day2/input.txt",
      "mean": 0.0011167379000000003,
      "stddev": 0.00013732604359223698,
      "median": 0.0011115130000000002,
      "user": 0.0005079999999999999,
      "system": 0.00051717,
      "min": 0.0008024890000000001,
      "max": 0.0014132980000000001,
      "times": [
        0.0012061250000000002,
        0.001226214,
        0.001209505,
        0.001304863,
        0.0012378410000000002,
        0.001167414,
        0.0014132980000000001,
        0.001225914,
        0.0013466860000000002,
        0.00106297,
        0.001032226,
        0.001256718,
        0.001254572,
        0.00108945,
        0.001102486,
        0.0011531850000000001,
        0.001283061,
        0.001285232,
        0.001116323,
        0.001066571,
        0.0010733280000000001,
        0.000957454,
        0.001166781,
        0.001156017,
        0.000980454,
        0.000958776,
        0.00085937,
        0.001289315,
        0.0009338590000000001,
        0.0009903870000000001,
        0.001021,
        0.0009624830000000001,
        0.000955365,
        0.0009753660000000001,
        0.001000896,
        0.0009638470000000001,
        0.0011067030000000001,
        0.001057792,
        0.000985933,
        0.001075865,
        0.001021037,
        0.001071424,
        0.0009489460000000001,
        0.0011302060000000001,
        0.00120754,
        0.001146536,
        0.0008024890000000001,
        0.001087681,
        0.001082185,
        0.001069737,
        0.001037221,
        0.000984211,
        0.000995851,
        0.0009424640000000001,
        0.001158123,
        0.001253168,
        0.0010237220000000001,
        0.0010216560000000001,
        0.000971252,
        0.001057582,
        0.0009398760000000001,
        0.000928518,
        0.0009847010000000002,
        0.0009332380000000001,
        0.0009495790000000001,
        0.0009526840000000001,
        0.000932849,
        0.00096051,
        0.001158584,
        0.000987492,
        0.000991522,
        0.000989089,
        0.000946228,
        0.0011329270000000002,
        0.001240072,
        0.0013924170000000002,
        0.001209201,
        0.001173482,
        0.001250053,
        0.001198167,
        0.001209201,
        0.001175793,
        0.0011992910000000001,
        0.0012142470000000001,
        0.001222554,
        0.001227573,
        0.001186302,
        0.0012010570000000002,
        0.001219732,
        0.001304891,
        0.0012277540000000002,
        0.001229291,
        0.001232126,
        0.001072871,
        0.001406134,
        0.001347406,
        0.0013754000000000001,
        0.001354858,
        0.0012423500000000001,
        0.001249094
      ],
      "exit_codes": [
        0,
        0,
        0,
        0,
        0,
        0,
        0,
        0,
        0,
        0,
        0,
        0,
        0,
        0,
        0,
        0,
        0,
        0,
        0,
        0,
        0,
        0,
        0,
        0,
        0,
        0,
        0,
        0,
        0,
        0,
        0,
        0,
        0,
        0,
        0,
        0,
        0,
        0,
        0,
        0,
        0,
        0,
        0,
        0,
        0,
        0,
        0,
        0,
        0,
        0,
        0,
        0,
        0,
        0,
        0,
        0,
        0,
        0,
        0,
        0,
        0,
        0,
        0,
        0,
        0,
        0,
        0,
        0,
        0,
        0,
        0,
        0,
        0,
        0,
        0,
        0,
        0,
        0,
        0,
        0,
        0,
        0,
        0,
        0,
        0,
        0,
        0,
        0,
        0,
        0,
        0,
        0,
        0,
        0,
        0,
        0,
        0,
        0,
        0,
        0
      ]
    }
  ]
}
