{
  "results": [
    {
      "command": "./build/day8/day8 < inputs/day8/input.txt",
      "mean": 0.00113378585,
      "stddev": 0.00019818073261924996,
      "median": 0.001080488,
      "user": 0.00035434999999999997,
      "system": 0.00062645,
      "min": 0.0009455500000000001,
      "max": 0.001771643,
      "times": [
        0.001317596,
        0.001070233,
        0.001198519,
        0.001010321,
        0.001771643,
        0.001135846,
        0.001085128,
        0.0012090010000000001,
        0.001011542,
        0.000960868,
        0.001024106,
        0.0010758480000000001,
        0.0012532510000000001,
        0.0014293530000000002,
        0.0011529650000000002,
        0.000998708,
        0.000958498,
        0.0009455500000000001,
        0.0009730170000000001,
        0.0010937240000000001
      ],
      "exit_codes": [
        0,
        0,
        0,
        0,
        0,
        0,
        0,
        0,
        0,
        0,
        0,
        0,
        0,
        0,
        0,
        0,
        0,
        0,
        0,
        0
      ]
    }
  ]
}
