{
  "results": [
    {
      "command": "./build/day8/day8 < inputs/day8/input.txt",
      "mean": 0.0013422794900000003,
      "stddev": 0.00015016771385048644,
      "median": 0.0013292691400000002,
      "user": 0.0006018,
      "system": 0.000823952,
      "min": 0.0009889646400000002,
      "max": 0.00165809664,
      "times": [
        0.0013270096400000001,
        0.0015291346400000002,
        0.0013315286400000003,
        0.00147792264,
        0.0012730526400000003,
        0.00128909764,
        0.0013031746400000003,
        0.00133922964,
        0.00137257164,
        0.00108181464,
        0.0013200216400000003,
        0.0014198656400000002,
        0.0015481146400000002,
        0.0013377616400000003,
        0.00130170364,
        0.00165809664,
        0.0014293556400000003,
        0.0009889646400000002,
        0.00124960064,
        0.0012675686400000002
      ],
      "exit_codes": [
        0,
        0,
        0,
        0,
        0,
        0,
        0,
        0,
        0,
        0,
        0,
        0,
        0,
        0,
        0,
        0,
        0,
        0,
        0,
        0
      ]
    }
  ]
}
